solid OpenSCAD_Model
  facet normal 1 -0 0
    outer loop
      vertex 0.65 -6.67 3.1
      vertex 0.65 -5.37 1.8
      vertex 0.65 -5.37 3.1
    endloop
  endfacet
  facet normal 1 0 0
    outer loop
      vertex 0.65 -5.37 1.8
      vertex 0.65 -6.67 3.1
      vertex 0.65 -6.67 1.8
    endloop
  endfacet
  facet normal -0 0 1
    outer loop
      vertex -0.65 -5.37 3.1
      vertex 0.65 -6.67 3.1
      vertex 0.65 -5.37 3.1
    endloop
  endfacet
  facet normal 0 0 1
    outer loop
      vertex 0.65 -6.67 3.1
      vertex -0.65 -5.37 3.1
      vertex -0.65 -6.67 3.1
    endloop
  endfacet
  facet normal -0 0 1
    outer loop
      vertex -0.65 -4.13 1.8
      vertex 0.65 -5.37 1.8
      vertex 0.65 -4.13 1.8
    endloop
  endfacet
  facet normal 0 0 1
    outer loop
      vertex 0.65 -5.37 1.8
      vertex -0.65 -4.13 1.8
      vertex -0.65 -5.37 1.8
    endloop
  endfacet
  facet normal -0 0 1
    outer loop
      vertex 0.849999 -3.9 1.8
      vertex 4.05 -5.6 1.8
      vertex 4.05 -3.9 1.8
    endloop
  endfacet
  facet normal 0 0 1
    outer loop
      vertex 4.05 -5.6 1.8
      vertex 0.849999 -3.9 1.8
      vertex 0.849999 -5.6 1.8
    endloop
  endfacet
  facet normal -0 0 1
    outer loop
      vertex 4.25 -4.13 1.8
      vertex 5.55 -5.37 1.8
      vertex 5.55 -4.13 1.8
    endloop
  endfacet
  facet normal 0 0 1
    outer loop
      vertex 5.55 -5.37 1.8
      vertex 4.25 -4.13 1.8
      vertex 4.25 -5.37 1.8
    endloop
  endfacet
  facet normal -0 0 1
    outer loop
      vertex 5.75 -3.9 1.8
      vertex 8.95 -5.6 1.8
      vertex 8.95 -3.9 1.8
    endloop
  endfacet
  facet normal 0 0 1
    outer loop
      vertex 8.95 -5.6 1.8
      vertex 5.75 -3.9 1.8
      vertex 5.75 -5.6 1.8
    endloop
  endfacet
  facet normal 0 0 1
    outer loop
      vertex 8.95 0.849999 1.8
      vertex 5.75 -0.849999 1.8
      vertex 8.95 -0.849999 1.8
    endloop
  endfacet
  facet normal -0 0 1
    outer loop
      vertex 5.55 -2.83 1.8
      vertex 5.75 -3.9 1.8
      vertex 5.75 -0.849999 1.8
    endloop
  endfacet
  facet normal 0 0 1
    outer loop
      vertex 5.55 -4.13 1.8
      vertex 5.75 -3.9 1.8
      vertex 5.55 -2.83 1.8
    endloop
  endfacet
  facet normal 0 0 1
    outer loop
      vertex 5.75 -3.9 1.8
      vertex 5.55 -4.13 1.8
      vertex 5.75 -5.6 1.8
    endloop
  endfacet
  facet normal 0 0 1
    outer loop
      vertex 5.75 -0.849999 1.8
      vertex 4.25 -2.83 1.8
      vertex 5.55 -2.83 1.8
    endloop
  endfacet
  facet normal -0 0 1
    outer loop
      vertex 4.05 -3.9 1.8
      vertex 4.25 -4.13 1.8
      vertex 4.25 -2.83 1.8
    endloop
  endfacet
  facet normal 0 0 1
    outer loop
      vertex 4.25 -4.13 1.8
      vertex 4.05 -3.9 1.8
      vertex 4.25 -5.37 1.8
    endloop
  endfacet
  facet normal 0 0 1
    outer loop
      vertex 4.05 -3.9 1.8
      vertex 4.25 -2.83 1.8
      vertex 4.05 -0.849999 1.8
    endloop
  endfacet
  facet normal 0 0 1
    outer loop
      vertex 5.75 -0.849999 1.8
      vertex 4.05 -0.849999 1.8
      vertex 4.25 -2.83 1.8
    endloop
  endfacet
  facet normal 0 0 1
    outer loop
      vertex 8.95 0.849999 1.8
      vertex 4.05 -0.849999 1.8
      vertex 5.75 -0.849999 1.8
    endloop
  endfacet
  facet normal -0 0 1
    outer loop
      vertex -0.849999 0.849999 1.8
      vertex 4.05 -0.849999 1.8
      vertex 8.95 0.849999 1.8
    endloop
  endfacet
  facet normal -0 0 1
    outer loop
      vertex 0.65 -2.83 1.8
      vertex 0.849999 -3.9 1.8
      vertex 0.849999 -0.849999 1.8
    endloop
  endfacet
  facet normal 0 0 1
    outer loop
      vertex 0.65 -4.13 1.8
      vertex 0.849999 -3.9 1.8
      vertex 0.65 -2.83 1.8
    endloop
  endfacet
  facet normal 0 0 1
    outer loop
      vertex 0.849999 -3.9 1.8
      vertex 0.65 -4.13 1.8
      vertex 0.849999 -5.6 1.8
    endloop
  endfacet
  facet normal 0 0 1
    outer loop
      vertex 0.849999 -0.849999 1.8
      vertex -0.65 -2.83 1.8
      vertex 0.65 -2.83 1.8
    endloop
  endfacet
  facet normal 0 0 1
    outer loop
      vertex -0.849999 -8 1.8
      vertex -0.65 -4.13 1.8
      vertex -0.65 -2.83 1.8
    endloop
  endfacet
  facet normal 0 0 1
    outer loop
      vertex -0.65 -4.13 1.8
      vertex -0.849999 -8 1.8
      vertex -0.65 -5.37 1.8
    endloop
  endfacet
  facet normal 0 0 1
    outer loop
      vertex -0.849999 -8 1.8
      vertex -0.65 -2.83 1.8
      vertex -0.849999 0.849999 1.8
    endloop
  endfacet
  facet normal 0 0 1
    outer loop
      vertex 0.849999 -0.849999 1.8
      vertex -0.849999 0.849999 1.8
      vertex -0.65 -2.83 1.8
    endloop
  endfacet
  facet normal 0 0 1
    outer loop
      vertex 4.05 -0.849999 1.8
      vertex -0.849999 0.849999 1.8
      vertex 0.849999 -0.849999 1.8
    endloop
  endfacet
  facet normal 0 0 1
    outer loop
      vertex 8.95 3.9 1.8
      vertex 9.15 4.13 1.8
      vertex 8.95 5.6 1.8
    endloop
  endfacet
  facet normal -0 0 1
    outer loop
      vertex 5.55 -5.37 1.8
      vertex 5.75 -5.6 1.8
      vertex 5.55 -4.13 1.8
    endloop
  endfacet
  facet normal 0 0 1
    outer loop
      vertex 5.55 -6.67 1.8
      vertex 5.75 -5.6 1.8
      vertex 5.55 -5.37 1.8
    endloop
  endfacet
  facet normal 0 0 1
    outer loop
      vertex 5.75 -5.6 1.8
      vertex 5.55 -6.67 1.8
      vertex 5.75 -8 1.8
    endloop
  endfacet
  facet normal -0 0 1
    outer loop
      vertex 4.25 -6.67 1.8
      vertex 5.75 -8 1.8
      vertex 5.55 -6.67 1.8
    endloop
  endfacet
  facet normal 0 0 1
    outer loop
      vertex 4.05 -5.6 1.8
      vertex 4.25 -5.37 1.8
      vertex 4.05 -3.9 1.8
    endloop
  endfacet
  facet normal 0 0 1
    outer loop
      vertex 4.25 -5.37 1.8
      vertex 4.05 -5.6 1.8
      vertex 4.25 -6.67 1.8
    endloop
  endfacet
  facet normal 0 0 1
    outer loop
      vertex 4.25 -6.67 1.8
      vertex 4.05 -8 1.8
      vertex 5.75 -8 1.8
    endloop
  endfacet
  facet normal 0 0 1
    outer loop
      vertex 4.05 -8 1.8
      vertex 4.25 -6.67 1.8
      vertex 4.05 -5.6 1.8
    endloop
  endfacet
  facet normal -0 0 1
    outer loop
      vertex 0.65 -5.37 1.8
      vertex 0.849999 -5.6 1.8
      vertex 0.65 -4.13 1.8
    endloop
  endfacet
  facet normal 0 0 1
    outer loop
      vertex 0.65 -6.67 1.8
      vertex 0.849999 -5.6 1.8
      vertex 0.65 -5.37 1.8
    endloop
  endfacet
  facet normal 0 0 1
    outer loop
      vertex 0.849999 -5.6 1.8
      vertex 0.65 -6.67 1.8
      vertex 0.849999 -8 1.8
    endloop
  endfacet
  facet normal -0 0 1
    outer loop
      vertex -0.65 -6.67 1.8
      vertex 0.849999 -8 1.8
      vertex 0.65 -6.67 1.8
    endloop
  endfacet
  facet normal 0 0 1
    outer loop
      vertex -0.65 -6.67 1.8
      vertex -0.849999 -8 1.8
      vertex 0.849999 -8 1.8
    endloop
  endfacet
  facet normal 0 0 1
    outer loop
      vertex -0.65 -5.37 1.8
      vertex -0.849999 -8 1.8
      vertex -0.65 -6.67 1.8
    endloop
  endfacet
  facet normal -0 0 1
    outer loop
      vertex 9.15 -4.13 1.8
      vertex 10.45 -5.37 1.8
      vertex 10.45 -4.13 1.8
    endloop
  endfacet
  facet normal 0 0 1
    outer loop
      vertex 10.45 -5.37 1.8
      vertex 9.15 -4.13 1.8
      vertex 9.15 -5.37 1.8
    endloop
  endfacet
  facet normal 0 0 1
    outer loop
      vertex 10.65 0.849999 1.8
      vertex 8.95 0.849999 1.8
      vertex 10.65 -0.849999 1.8
    endloop
  endfacet
  facet normal 0 0 1
    outer loop
      vertex 8.95 -0.849999 1.8
      vertex 10.65 -0.849999 1.8
      vertex 8.95 0.849999 1.8
    endloop
  endfacet
  facet normal -0 0 1
    outer loop
      vertex 9.15 5.37 1.8
      vertex 10.45 4.13 1.8
      vertex 10.45 5.37 1.8
    endloop
  endfacet
  facet normal 0 0 1
    outer loop
      vertex 10.45 4.13 1.8
      vertex 9.15 5.37 1.8
      vertex 9.15 4.13 1.8
    endloop
  endfacet
  facet normal -0 0 1
    outer loop
      vertex 10.45 6.67 1.8
      vertex 10.65 5.6 1.8
      vertex 10.65 8 1.8
    endloop
  endfacet
  facet normal 0 0 1
    outer loop
      vertex 10.65 5.6 1.8
      vertex 10.45 5.37 1.8
      vertex 10.65 3.9 1.8
    endloop
  endfacet
  facet normal 0 0 1
    outer loop
      vertex 10.45 2.83 1.8
      vertex 10.65 3.9 1.8
      vertex 10.45 4.13 1.8
    endloop
  endfacet
  facet normal -0 0 1
    outer loop
      vertex 9.15 2.83 1.8
      vertex 10.65 0.849999 1.8
      vertex 10.45 2.83 1.8
    endloop
  endfacet
  facet normal 0 0 1
    outer loop
      vertex 8.95 0.849999 1.8
      vertex 10.65 0.849999 1.8
      vertex 9.15 2.83 1.8
    endloop
  endfacet
  facet normal 0 0 1
    outer loop
      vertex 10.65 -0.849999 1.8
      vertex 10.45 -2.83 1.8
      vertex 10.65 -3.9 1.8
    endloop
  endfacet
  facet normal 0 0 1
    outer loop
      vertex 10.65 5.6 1.8
      vertex 10.45 6.67 1.8
      vertex 10.45 5.37 1.8
    endloop
  endfacet
  facet normal 0 0 1
    outer loop
      vertex 10.65 8 1.8
      vertex 9.15 6.67 1.8
      vertex 10.45 6.67 1.8
    endloop
  endfacet
  facet normal -0 0 1
    outer loop
      vertex 8.95 5.6 1.8
      vertex 9.15 5.37 1.8
      vertex 9.15 6.67 1.8
    endloop
  endfacet
  facet normal 0 0 1
    outer loop
      vertex 9.15 4.13 1.8
      vertex 8.95 3.9 1.8
      vertex 9.15 2.83 1.8
    endloop
  endfacet
  facet normal 0 0 1
    outer loop
      vertex 10.65 -0.849999 1.8
      vertex 8.95 -0.849999 1.8
      vertex 10.45 -2.83 1.8
    endloop
  endfacet
  facet normal 0 0 1
    outer loop
      vertex 10.45 -2.83 1.8
      vertex 8.95 -0.849999 1.8
      vertex 9.15 -2.83 1.8
    endloop
  endfacet
  facet normal 0 0 1
    outer loop
      vertex 8.95 -3.9 1.8
      vertex 9.15 -2.83 1.8
      vertex 8.95 -0.849999 1.8
    endloop
  endfacet
  facet normal 0 0 1
    outer loop
      vertex 8.95 5.6 1.8
      vertex 9.15 6.67 1.8
      vertex 8.95 8 1.8
    endloop
  endfacet
  facet normal -0 0 1
    outer loop
      vertex 8.95 8 1.8
      vertex 9.15 6.67 1.8
      vertex 10.65 8 1.8
    endloop
  endfacet
  facet normal -0 0 1
    outer loop
      vertex 10.65 -3.9 1.8
      vertex 13.85 -5.6 1.8
      vertex 13.85 -3.9 1.8
    endloop
  endfacet
  facet normal 0 0 1
    outer loop
      vertex 13.85 -5.6 1.8
      vertex 10.65 -3.9 1.8
      vertex 10.65 -5.6 1.8
    endloop
  endfacet
  facet normal -0 0 1
    outer loop
      vertex 10.65 5.6 1.8
      vertex 13.85 3.9 1.8
      vertex 13.85 5.6 1.8
    endloop
  endfacet
  facet normal 0 0 1
    outer loop
      vertex 13.85 3.9 1.8
      vertex 10.65 5.6 1.8
      vertex 10.65 3.9 1.8
    endloop
  endfacet
  facet normal 0 0 1
    outer loop
      vertex 10.65 3.9 1.8
      vertex 10.45 5.37 1.8
      vertex 10.45 4.13 1.8
    endloop
  endfacet
  facet normal 0 0 1
    outer loop
      vertex 10.65 3.9 1.8
      vertex 10.45 2.83 1.8
      vertex 10.65 0.849999 1.8
    endloop
  endfacet
  facet normal 0 0 1
    outer loop
      vertex 10.45 -4.13 1.8
      vertex 10.65 -3.9 1.8
      vertex 10.45 -2.83 1.8
    endloop
  endfacet
  facet normal 0 0 1
    outer loop
      vertex 10.65 -3.9 1.8
      vertex 10.45 -4.13 1.8
      vertex 10.65 -5.6 1.8
    endloop
  endfacet
  facet normal -0 0 1
    outer loop
      vertex 10.45 -5.37 1.8
      vertex 10.65 -5.6 1.8
      vertex 10.45 -4.13 1.8
    endloop
  endfacet
  facet normal 0 0 1
    outer loop
      vertex 10.45 -6.67 1.8
      vertex 10.65 -5.6 1.8
      vertex 10.45 -5.37 1.8
    endloop
  endfacet
  facet normal 0 0 1
    outer loop
      vertex 10.65 -5.6 1.8
      vertex 10.45 -6.67 1.8
      vertex 10.65 -8 1.8
    endloop
  endfacet
  facet normal -0 0 1
    outer loop
      vertex 9.15 -6.67 1.8
      vertex 10.65 -8 1.8
      vertex 10.45 -6.67 1.8
    endloop
  endfacet
  facet normal 0 0 1
    outer loop
      vertex 9.15 5.37 1.8
      vertex 8.95 5.6 1.8
      vertex 9.15 4.13 1.8
    endloop
  endfacet
  facet normal 0 0 1
    outer loop
      vertex 9.15 2.83 1.8
      vertex 8.95 3.9 1.8
      vertex 8.95 0.849999 1.8
    endloop
  endfacet
  facet normal 0 0 1
    outer loop
      vertex 9.15 -2.83 1.8
      vertex 8.95 -3.9 1.8
      vertex 9.15 -4.13 1.8
    endloop
  endfacet
  facet normal 0 0 1
    outer loop
      vertex 9.15 -4.13 1.8
      vertex 8.95 -3.9 1.8
      vertex 9.15 -5.37 1.8
    endloop
  endfacet
  facet normal 0 0 1
    outer loop
      vertex 8.95 -5.6 1.8
      vertex 9.15 -5.37 1.8
      vertex 8.95 -3.9 1.8
    endloop
  endfacet
  facet normal 0 0 1
    outer loop
      vertex 9.15 -5.37 1.8
      vertex 8.95 -5.6 1.8
      vertex 9.15 -6.67 1.8
    endloop
  endfacet
  facet normal 0 0 1
    outer loop
      vertex 9.15 -6.67 1.8
      vertex 8.95 -8 1.8
      vertex 10.65 -8 1.8
    endloop
  endfacet
  facet normal 0 0 1
    outer loop
      vertex 8.95 -8 1.8
      vertex 9.15 -6.67 1.8
      vertex 8.95 -5.6 1.8
    endloop
  endfacet
  facet normal -0 0 1
    outer loop
      vertex 14.05 -4.13 1.8
      vertex 15.35 -5.37 1.8
      vertex 15.35 -4.13 1.8
    endloop
  endfacet
  facet normal 0 0 1
    outer loop
      vertex 15.35 -5.37 1.8
      vertex 14.05 -4.13 1.8
      vertex 14.05 -5.37 1.8
    endloop
  endfacet
  facet normal -0 0 1
    outer loop
      vertex 14.05 2.83 1.8
      vertex 15.35 -2.83 1.8
      vertex 15.35 2.83 1.8
    endloop
  endfacet
  facet normal 0 0 1
    outer loop
      vertex 15.35 -2.83 1.8
      vertex 14.05 2.83 1.8
      vertex 14.05 -2.83 1.8
    endloop
  endfacet
  facet normal -0 0 1
    outer loop
      vertex 14.05 5.37 1.8
      vertex 15.35 4.13 1.8
      vertex 15.35 5.37 1.8
    endloop
  endfacet
  facet normal 0 0 1
    outer loop
      vertex 15.35 4.13 1.8
      vertex 14.05 5.37 1.8
      vertex 14.05 4.13 1.8
    endloop
  endfacet
  facet normal -0 0 1
    outer loop
      vertex 15.35 6.67 1.8
      vertex 15.55 5.6 1.8
      vertex 15.55 8 1.8
    endloop
  endfacet
  facet normal 0 0 1
    outer loop
      vertex 15.55 5.6 1.8
      vertex 15.35 5.37 1.8
      vertex 15.55 3.9 1.8
    endloop
  endfacet
  facet normal 0 0 1
    outer loop
      vertex 15.55 3.9 1.8
      vertex 15.35 2.83 1.8
      vertex 15.55 -3.9 1.8
    endloop
  endfacet
  facet normal -0 0 1
    outer loop
      vertex 15.35 -2.83 1.8
      vertex 15.55 -3.9 1.8
      vertex 15.35 2.83 1.8
    endloop
  endfacet
  facet normal 0 0 1
    outer loop
      vertex 15.55 5.6 1.8
      vertex 15.35 6.67 1.8
      vertex 15.35 5.37 1.8
    endloop
  endfacet
  facet normal 0 0 1
    outer loop
      vertex 15.55 8 1.8
      vertex 14.05 6.67 1.8
      vertex 15.35 6.67 1.8
    endloop
  endfacet
  facet normal -0 0 1
    outer loop
      vertex 13.85 5.6 1.8
      vertex 14.05 5.37 1.8
      vertex 14.05 6.67 1.8
    endloop
  endfacet
  facet normal 0 0 1
    outer loop
      vertex 14.05 5.37 1.8
      vertex 13.85 5.6 1.8
      vertex 14.05 4.13 1.8
    endloop
  endfacet
  facet normal 0 0 1
    outer loop
      vertex 14.05 4.13 1.8
      vertex 13.85 3.9 1.8
      vertex 14.05 2.83 1.8
    endloop
  endfacet
  facet normal 0 0 1
    outer loop
      vertex 14.05 2.83 1.8
      vertex 13.85 3.9 1.8
      vertex 14.05 -2.83 1.8
    endloop
  endfacet
  facet normal 0 0 1
    outer loop
      vertex 13.85 -3.9 1.8
      vertex 14.05 -2.83 1.8
      vertex 13.85 3.9 1.8
    endloop
  endfacet
  facet normal 0 0 1
    outer loop
      vertex 14.05 -2.83 1.8
      vertex 13.85 -3.9 1.8
      vertex 14.05 -4.13 1.8
    endloop
  endfacet
  facet normal 0 0 1
    outer loop
      vertex 13.85 5.6 1.8
      vertex 14.05 6.67 1.8
      vertex 13.85 8 1.8
    endloop
  endfacet
  facet normal -0 0 1
    outer loop
      vertex 13.85 8 1.8
      vertex 14.05 6.67 1.8
      vertex 15.55 8 1.8
    endloop
  endfacet
  facet normal -0 0 1
    outer loop
      vertex 15.55 -3.9 1.8
      vertex 18.75 -5.6 1.8
      vertex 18.75 -3.9 1.8
    endloop
  endfacet
  facet normal 0 0 1
    outer loop
      vertex 18.75 -5.6 1.8
      vertex 15.55 -3.9 1.8
      vertex 15.55 -5.6 1.8
    endloop
  endfacet
  facet normal -0 0 1
    outer loop
      vertex 15.55 5.6 1.8
      vertex 18.75 3.9 1.8
      vertex 18.75 5.6 1.8
    endloop
  endfacet
  facet normal 0 0 1
    outer loop
      vertex 18.75 3.9 1.8
      vertex 15.55 5.6 1.8
      vertex 15.55 3.9 1.8
    endloop
  endfacet
  facet normal 0 0 1
    outer loop
      vertex 15.55 3.9 1.8
      vertex 15.35 5.37 1.8
      vertex 15.35 4.13 1.8
    endloop
  endfacet
  facet normal 0 0 1
    outer loop
      vertex 15.55 3.9 1.8
      vertex 15.35 4.13 1.8
      vertex 15.35 2.83 1.8
    endloop
  endfacet
  facet normal 0 0 1
    outer loop
      vertex 15.35 -4.13 1.8
      vertex 15.55 -3.9 1.8
      vertex 15.35 -2.83 1.8
    endloop
  endfacet
  facet normal 0 0 1
    outer loop
      vertex 15.55 -3.9 1.8
      vertex 15.35 -4.13 1.8
      vertex 15.55 -5.6 1.8
    endloop
  endfacet
  facet normal -0 0 1
    outer loop
      vertex 15.35 -5.37 1.8
      vertex 15.55 -5.6 1.8
      vertex 15.35 -4.13 1.8
    endloop
  endfacet
  facet normal 0 0 1
    outer loop
      vertex 15.35 -6.67 1.8
      vertex 15.55 -5.6 1.8
      vertex 15.35 -5.37 1.8
    endloop
  endfacet
  facet normal 0 0 1
    outer loop
      vertex 15.55 -5.6 1.8
      vertex 15.35 -6.67 1.8
      vertex 15.55 -8 1.8
    endloop
  endfacet
  facet normal -0 0 1
    outer loop
      vertex 14.05 -6.67 1.8
      vertex 15.55 -8 1.8
      vertex 15.35 -6.67 1.8
    endloop
  endfacet
  facet normal 0 0 1
    outer loop
      vertex 14.05 4.13 1.8
      vertex 13.85 5.6 1.8
      vertex 13.85 3.9 1.8
    endloop
  endfacet
  facet normal 0 0 1
    outer loop
      vertex 14.05 -4.13 1.8
      vertex 13.85 -3.9 1.8
      vertex 14.05 -5.37 1.8
    endloop
  endfacet
  facet normal 0 0 1
    outer loop
      vertex 13.85 -5.6 1.8
      vertex 14.05 -5.37 1.8
      vertex 13.85 -3.9 1.8
    endloop
  endfacet
  facet normal 0 0 1
    outer loop
      vertex 14.05 -5.37 1.8
      vertex 13.85 -5.6 1.8
      vertex 14.05 -6.67 1.8
    endloop
  endfacet
  facet normal 0 0 1
    outer loop
      vertex 14.05 -6.67 1.8
      vertex 13.85 -8 1.8
      vertex 15.55 -8 1.8
    endloop
  endfacet
  facet normal 0 0 1
    outer loop
      vertex 13.85 -8 1.8
      vertex 14.05 -6.67 1.8
      vertex 13.85 -5.6 1.8
    endloop
  endfacet
  facet normal -0 0 1
    outer loop
      vertex 18.95 -4.13 1.8
      vertex 20.25 -5.37 1.8
      vertex 20.25 -4.13 1.8
    endloop
  endfacet
  facet normal 0 0 1
    outer loop
      vertex 20.25 -5.37 1.8
      vertex 18.95 -4.13 1.8
      vertex 18.95 -5.37 1.8
    endloop
  endfacet
  facet normal -0 0 1
    outer loop
      vertex 18.95 2.83 1.8
      vertex 20.25 -2.83 1.8
      vertex 20.25 2.83 1.8
    endloop
  endfacet
  facet normal 0 0 1
    outer loop
      vertex 20.25 -2.83 1.8
      vertex 18.95 2.83 1.8
      vertex 18.95 -2.83 1.8
    endloop
  endfacet
  facet normal -0 0 1
    outer loop
      vertex 18.95 5.37 1.8
      vertex 20.25 4.13 1.8
      vertex 20.25 5.37 1.8
    endloop
  endfacet
  facet normal 0 0 1
    outer loop
      vertex 20.25 4.13 1.8
      vertex 18.95 5.37 1.8
      vertex 18.95 4.13 1.8
    endloop
  endfacet
  facet normal -0 0 1
    outer loop
      vertex 20.25 6.67 1.8
      vertex 20.45 5.6 1.8
      vertex 20.45 8 1.8
    endloop
  endfacet
  facet normal 0 0 1
    outer loop
      vertex 20.45 5.6 1.8
      vertex 20.25 5.37 1.8
      vertex 20.45 3.9 1.8
    endloop
  endfacet
  facet normal 0 0 1
    outer loop
      vertex 20.45 3.9 1.8
      vertex 20.25 2.83 1.8
      vertex 20.45 -3.9 1.8
    endloop
  endfacet
  facet normal -0 0 1
    outer loop
      vertex 20.25 -2.83 1.8
      vertex 20.45 -3.9 1.8
      vertex 20.25 2.83 1.8
    endloop
  endfacet
  facet normal 0 0 1
    outer loop
      vertex 20.45 5.6 1.8
      vertex 20.25 6.67 1.8
      vertex 20.25 5.37 1.8
    endloop
  endfacet
  facet normal 0 0 1
    outer loop
      vertex 20.45 8 1.8
      vertex 18.95 6.67 1.8
      vertex 20.25 6.67 1.8
    endloop
  endfacet
  facet normal -0 0 1
    outer loop
      vertex 18.75 5.6 1.8
      vertex 18.95 5.37 1.8
      vertex 18.95 6.67 1.8
    endloop
  endfacet
  facet normal 0 0 1
    outer loop
      vertex 18.95 5.37 1.8
      vertex 18.75 5.6 1.8
      vertex 18.95 4.13 1.8
    endloop
  endfacet
  facet normal 0 0 1
    outer loop
      vertex 18.95 4.13 1.8
      vertex 18.75 3.9 1.8
      vertex 18.95 2.83 1.8
    endloop
  endfacet
  facet normal 0 0 1
    outer loop
      vertex 18.95 2.83 1.8
      vertex 18.75 3.9 1.8
      vertex 18.95 -2.83 1.8
    endloop
  endfacet
  facet normal 0 0 1
    outer loop
      vertex 18.75 -3.9 1.8
      vertex 18.95 -2.83 1.8
      vertex 18.75 3.9 1.8
    endloop
  endfacet
  facet normal 0 0 1
    outer loop
      vertex 18.95 -2.83 1.8
      vertex 18.75 -3.9 1.8
      vertex 18.95 -4.13 1.8
    endloop
  endfacet
  facet normal 0 0 1
    outer loop
      vertex 18.75 5.6 1.8
      vertex 18.95 6.67 1.8
      vertex 18.75 8 1.8
    endloop
  endfacet
  facet normal -0 0 1
    outer loop
      vertex 18.75 8 1.8
      vertex 18.95 6.67 1.8
      vertex 20.45 8 1.8
    endloop
  endfacet
  facet normal -0 0 1
    outer loop
      vertex 20.45 -3.9 1.8
      vertex 23.65 -5.6 1.8
      vertex 23.65 -3.9 1.8
    endloop
  endfacet
  facet normal 0 0 1
    outer loop
      vertex 23.65 -5.6 1.8
      vertex 20.45 -3.9 1.8
      vertex 20.45 -5.6 1.8
    endloop
  endfacet
  facet normal -0 0 1
    outer loop
      vertex 20.45 5.6 1.8
      vertex 23.65 3.9 1.8
      vertex 23.65 5.6 1.8
    endloop
  endfacet
  facet normal 0 0 1
    outer loop
      vertex 23.65 3.9 1.8
      vertex 20.45 5.6 1.8
      vertex 20.45 3.9 1.8
    endloop
  endfacet
  facet normal 0 0 1
    outer loop
      vertex 20.45 3.9 1.8
      vertex 20.25 5.37 1.8
      vertex 20.25 4.13 1.8
    endloop
  endfacet
  facet normal 0 0 1
    outer loop
      vertex 20.45 3.9 1.8
      vertex 20.25 4.13 1.8
      vertex 20.25 2.83 1.8
    endloop
  endfacet
  facet normal 0 0 1
    outer loop
      vertex 20.25 -4.13 1.8
      vertex 20.45 -3.9 1.8
      vertex 20.25 -2.83 1.8
    endloop
  endfacet
  facet normal 0 0 1
    outer loop
      vertex 20.45 -3.9 1.8
      vertex 20.25 -4.13 1.8
      vertex 20.45 -5.6 1.8
    endloop
  endfacet
  facet normal -0 0 1
    outer loop
      vertex 20.25 -5.37 1.8
      vertex 20.45 -5.6 1.8
      vertex 20.25 -4.13 1.8
    endloop
  endfacet
  facet normal 0 0 1
    outer loop
      vertex 20.25 -6.67 1.8
      vertex 20.45 -5.6 1.8
      vertex 20.25 -5.37 1.8
    endloop
  endfacet
  facet normal 0 0 1
    outer loop
      vertex 20.45 -5.6 1.8
      vertex 20.25 -6.67 1.8
      vertex 20.45 -8 1.8
    endloop
  endfacet
  facet normal -0 0 1
    outer loop
      vertex 18.95 -6.67 1.8
      vertex 20.45 -8 1.8
      vertex 20.25 -6.67 1.8
    endloop
  endfacet
  facet normal 0 0 1
    outer loop
      vertex 18.95 4.13 1.8
      vertex 18.75 5.6 1.8
      vertex 18.75 3.9 1.8
    endloop
  endfacet
  facet normal 0 0 1
    outer loop
      vertex 18.95 -4.13 1.8
      vertex 18.75 -3.9 1.8
      vertex 18.95 -5.37 1.8
    endloop
  endfacet
  facet normal 0 0 1
    outer loop
      vertex 18.75 -5.6 1.8
      vertex 18.95 -5.37 1.8
      vertex 18.75 -3.9 1.8
    endloop
  endfacet
  facet normal 0 0 1
    outer loop
      vertex 18.95 -5.37 1.8
      vertex 18.75 -5.6 1.8
      vertex 18.95 -6.67 1.8
    endloop
  endfacet
  facet normal 0 0 1
    outer loop
      vertex 18.95 -6.67 1.8
      vertex 18.75 -8 1.8
      vertex 20.45 -8 1.8
    endloop
  endfacet
  facet normal 0 0 1
    outer loop
      vertex 18.75 -8 1.8
      vertex 18.95 -6.67 1.8
      vertex 18.75 -5.6 1.8
    endloop
  endfacet
  facet normal -0 0 1
    outer loop
      vertex 23.85 -4.13 1.8
      vertex 25.15 -5.37 1.8
      vertex 25.15 -4.13 1.8
    endloop
  endfacet
  facet normal 0 0 1
    outer loop
      vertex 25.15 -5.37 1.8
      vertex 23.85 -4.13 1.8
      vertex 23.85 -5.37 1.8
    endloop
  endfacet
  facet normal 0 0 1
    outer loop
      vertex 25.35 0.849999 1.8
      vertex 23.65 0.849999 1.8
      vertex 25.35 -0.849999 1.8
    endloop
  endfacet
  facet normal 0 0 1
    outer loop
      vertex 23.65 -0.849999 1.8
      vertex 25.35 -0.849999 1.8
      vertex 23.65 0.849999 1.8
    endloop
  endfacet
  facet normal -0 0 1
    outer loop
      vertex 23.85 5.37 1.8
      vertex 25.15 4.13 1.8
      vertex 25.15 5.37 1.8
    endloop
  endfacet
  facet normal 0 0 1
    outer loop
      vertex 25.15 4.13 1.8
      vertex 23.85 5.37 1.8
      vertex 23.85 4.13 1.8
    endloop
  endfacet
  facet normal -0 0 1
    outer loop
      vertex 25.15 6.67 1.8
      vertex 25.35 5.6 1.8
      vertex 25.35 8 1.8
    endloop
  endfacet
  facet normal 0 0 1
    outer loop
      vertex 25.35 5.6 1.8
      vertex 25.15 5.37 1.8
      vertex 25.35 3.9 1.8
    endloop
  endfacet
  facet normal 0 0 1
    outer loop
      vertex 25.15 2.83 1.8
      vertex 25.35 3.9 1.8
      vertex 25.15 4.13 1.8
    endloop
  endfacet
  facet normal -0 0 1
    outer loop
      vertex 23.85 2.83 1.8
      vertex 25.35 0.849999 1.8
      vertex 25.15 2.83 1.8
    endloop
  endfacet
  facet normal 0 0 1
    outer loop
      vertex 25.35 5.6 1.8
      vertex 25.15 6.67 1.8
      vertex 25.15 5.37 1.8
    endloop
  endfacet
  facet normal 0 0 1
    outer loop
      vertex 25.35 8 1.8
      vertex 23.85 6.67 1.8
      vertex 25.15 6.67 1.8
    endloop
  endfacet
  facet normal -0 0 1
    outer loop
      vertex 23.65 5.6 1.8
      vertex 23.85 5.37 1.8
      vertex 23.85 6.67 1.8
    endloop
  endfacet
  facet normal 0 0 1
    outer loop
      vertex 23.85 5.37 1.8
      vertex 23.65 5.6 1.8
      vertex 23.85 4.13 1.8
    endloop
  endfacet
  facet normal 0 0 1
    outer loop
      vertex 23.85 4.13 1.8
      vertex 23.65 3.9 1.8
      vertex 23.85 2.83 1.8
    endloop
  endfacet
  facet normal 0 0 1
    outer loop
      vertex 25.35 -0.849999 1.8
      vertex 23.65 -0.849999 1.8
      vertex 25.15 -2.83 1.8
    endloop
  endfacet
  facet normal 0 0 1
    outer loop
      vertex 25.15 -2.83 1.8
      vertex 23.65 -0.849999 1.8
      vertex 23.85 -2.83 1.8
    endloop
  endfacet
  facet normal 0 0 1
    outer loop
      vertex 23.65 -3.9 1.8
      vertex 23.85 -2.83 1.8
      vertex 23.65 -0.849999 1.8
    endloop
  endfacet
  facet normal 0 0 1
    outer loop
      vertex 23.65 5.6 1.8
      vertex 23.85 6.67 1.8
      vertex 23.65 8 1.8
    endloop
  endfacet
  facet normal -0 0 1
    outer loop
      vertex 23.65 8 1.8
      vertex 23.85 6.67 1.8
      vertex 25.35 8 1.8
    endloop
  endfacet
  facet normal -0 0 1
    outer loop
      vertex 25.35 5.6 1.8
      vertex 28.55 3.9 1.8
      vertex 28.55 5.6 1.8
    endloop
  endfacet
  facet normal 0 0 1
    outer loop
      vertex 28.55 3.9 1.8
      vertex 25.35 5.6 1.8
      vertex 25.35 3.9 1.8
    endloop
  endfacet
  facet normal 0 0 1
    outer loop
      vertex 25.35 3.9 1.8
      vertex 25.15 5.37 1.8
      vertex 25.15 4.13 1.8
    endloop
  endfacet
  facet normal 0 0 1
    outer loop
      vertex 25.35 3.9 1.8
      vertex 25.15 2.83 1.8
      vertex 25.35 0.849999 1.8
    endloop
  endfacet
  facet normal 0 0 1
    outer loop
      vertex 23.65 0.849999 1.8
      vertex 25.35 0.849999 1.8
      vertex 23.85 2.83 1.8
    endloop
  endfacet
  facet normal 0 0 1
    outer loop
      vertex 25.15 -4.13 1.8
      vertex 25.35 -0.849999 1.8
      vertex 25.15 -2.83 1.8
    endloop
  endfacet
  facet normal 0 0 1
    outer loop
      vertex 25.35 -0.849999 1.8
      vertex 25.15 -4.13 1.8
      vertex 25.35 -8 1.8
    endloop
  endfacet
  facet normal -0 0 1
    outer loop
      vertex 25.15 -5.37 1.8
      vertex 25.35 -8 1.8
      vertex 25.15 -4.13 1.8
    endloop
  endfacet
  facet normal -0 0 1
    outer loop
      vertex 25.15 -6.67 1.8
      vertex 25.35 -8 1.8
      vertex 25.15 -5.37 1.8
    endloop
  endfacet
  facet normal -0 0 1
    outer loop
      vertex 23.85 -6.67 1.8
      vertex 25.35 -8 1.8
      vertex 25.15 -6.67 1.8
    endloop
  endfacet
  facet normal 0 0 1
    outer loop
      vertex 23.85 4.13 1.8
      vertex 23.65 5.6 1.8
      vertex 23.65 3.9 1.8
    endloop
  endfacet
  facet normal 0 0 1
    outer loop
      vertex 23.85 2.83 1.8
      vertex 23.65 3.9 1.8
      vertex 23.65 0.849999 1.8
    endloop
  endfacet
  facet normal 0 0 1
    outer loop
      vertex 23.85 -2.83 1.8
      vertex 23.65 -3.9 1.8
      vertex 23.85 -4.13 1.8
    endloop
  endfacet
  facet normal 0 0 1
    outer loop
      vertex 23.85 -4.13 1.8
      vertex 23.65 -3.9 1.8
      vertex 23.85 -5.37 1.8
    endloop
  endfacet
  facet normal 0 0 1
    outer loop
      vertex 23.65 -5.6 1.8
      vertex 23.85 -5.37 1.8
      vertex 23.65 -3.9 1.8
    endloop
  endfacet
  facet normal 0 0 1
    outer loop
      vertex 23.85 -5.37 1.8
      vertex 23.65 -5.6 1.8
      vertex 23.85 -6.67 1.8
    endloop
  endfacet
  facet normal 0 0 1
    outer loop
      vertex 23.85 -6.67 1.8
      vertex 23.65 -8 1.8
      vertex 25.35 -8 1.8
    endloop
  endfacet
  facet normal 0 0 1
    outer loop
      vertex 23.65 -8 1.8
      vertex 23.85 -6.67 1.8
      vertex 23.65 -5.6 1.8
    endloop
  endfacet
  facet normal -0 0 1
    outer loop
      vertex 28.75 5.37 1.8
      vertex 30.05 4.13 1.8
      vertex 30.05 5.37 1.8
    endloop
  endfacet
  facet normal 0 0 1
    outer loop
      vertex 30.05 4.13 1.8
      vertex 28.75 5.37 1.8
      vertex 28.75 4.13 1.8
    endloop
  endfacet
  facet normal -0 0 1
    outer loop
      vertex 30.05 6.67 1.8
      vertex 30.25 5.6 1.8
      vertex 30.25 8 1.8
    endloop
  endfacet
  facet normal 0 0 1
    outer loop
      vertex 30.25 5.6 1.8
      vertex 30.05 5.37 1.8
      vertex 30.25 3.9 1.8
    endloop
  endfacet
  facet normal 0 0 1
    outer loop
      vertex 30.25 5.6 1.8
      vertex 30.05 6.67 1.8
      vertex 30.05 5.37 1.8
    endloop
  endfacet
  facet normal 0 0 1
    outer loop
      vertex 30.25 8 1.8
      vertex 28.75 6.67 1.8
      vertex 30.05 6.67 1.8
    endloop
  endfacet
  facet normal -0 0 1
    outer loop
      vertex 28.55 5.6 1.8
      vertex 28.75 5.37 1.8
      vertex 28.75 6.67 1.8
    endloop
  endfacet
  facet normal 0 0 1
    outer loop
      vertex 28.75 5.37 1.8
      vertex 28.55 5.6 1.8
      vertex 28.75 4.13 1.8
    endloop
  endfacet
  facet normal 0 0 1
    outer loop
      vertex 28.55 5.6 1.8
      vertex 28.75 6.67 1.8
      vertex 28.55 8 1.8
    endloop
  endfacet
  facet normal -0 0 1
    outer loop
      vertex 28.55 8 1.8
      vertex 28.75 6.67 1.8
      vertex 30.25 8 1.8
    endloop
  endfacet
  facet normal -0 0 1
    outer loop
      vertex 30.25 5.6 1.8
      vertex 33.45 3.9 1.8
      vertex 33.45 5.6 1.8
    endloop
  endfacet
  facet normal 0 0 1
    outer loop
      vertex 33.45 3.9 1.8
      vertex 30.25 5.6 1.8
      vertex 30.25 3.9 1.8
    endloop
  endfacet
  facet normal -0 0 1
    outer loop
      vertex 33.65 5.37 1.8
      vertex 34.95 4.13 1.8
      vertex 34.95 5.37 1.8
    endloop
  endfacet
  facet normal 0 0 1
    outer loop
      vertex 34.95 4.13 1.8
      vertex 33.65 5.37 1.8
      vertex 33.65 4.13 1.8
    endloop
  endfacet
  facet normal -0 0 1
    outer loop
      vertex 34.95 6.67 1.8
      vertex 35.15 5.6 1.8
      vertex 35.15 8 1.8
    endloop
  endfacet
  facet normal 0 0 1
    outer loop
      vertex 35.15 5.6 1.8
      vertex 34.95 5.37 1.8
      vertex 35.15 3.9 1.8
    endloop
  endfacet
  facet normal 0 0 1
    outer loop
      vertex 35.15 5.6 1.8
      vertex 34.95 6.67 1.8
      vertex 34.95 5.37 1.8
    endloop
  endfacet
  facet normal 0 0 1
    outer loop
      vertex 35.15 8 1.8
      vertex 33.65 6.67 1.8
      vertex 34.95 6.67 1.8
    endloop
  endfacet
  facet normal -0 0 1
    outer loop
      vertex 33.45 5.6 1.8
      vertex 33.65 5.37 1.8
      vertex 33.65 6.67 1.8
    endloop
  endfacet
  facet normal 0 0 1
    outer loop
      vertex 33.65 5.37 1.8
      vertex 33.45 5.6 1.8
      vertex 33.65 4.13 1.8
    endloop
  endfacet
  facet normal 0 0 1
    outer loop
      vertex 33.45 5.6 1.8
      vertex 33.65 6.67 1.8
      vertex 33.45 8 1.8
    endloop
  endfacet
  facet normal -0 0 1
    outer loop
      vertex 33.45 8 1.8
      vertex 33.65 6.67 1.8
      vertex 35.15 8 1.8
    endloop
  endfacet
  facet normal 0 0 1
    outer loop
      vertex 35.15 3.9 1.8
      vertex 34.95 5.37 1.8
      vertex 34.95 4.13 1.8
    endloop
  endfacet
  facet normal 0 0 1
    outer loop
      vertex 34.95 2.83 1.8
      vertex 35.15 3.9 1.8
      vertex 34.95 4.13 1.8
    endloop
  endfacet
  facet normal 0 0 1
    outer loop
      vertex 35.15 3.9 1.8
      vertex 34.95 2.83 1.8
      vertex 35.15 0.849999 1.8
    endloop
  endfacet
  facet normal 0 0 1
    outer loop
      vertex 33.45 0.849999 1.8
      vertex 35.15 0.849999 1.8
      vertex 34.95 2.83 1.8
    endloop
  endfacet
  facet normal 0 0 1
    outer loop
      vertex 33.45 0.849999 1.8
      vertex 34.95 2.83 1.8
      vertex 33.65 2.83 1.8
    endloop
  endfacet
  facet normal 0 0 1
    outer loop
      vertex 33.45 3.9 1.8
      vertex 33.65 4.13 1.8
      vertex 33.45 5.6 1.8
    endloop
  endfacet
  facet normal 0 0 1
    outer loop
      vertex 33.65 4.13 1.8
      vertex 33.45 3.9 1.8
      vertex 33.65 2.83 1.8
    endloop
  endfacet
  facet normal 0 0 1
    outer loop
      vertex 33.45 0.849999 1.8
      vertex 33.65 2.83 1.8
      vertex 33.45 3.9 1.8
    endloop
  endfacet
  facet normal 0 0 1
    outer loop
      vertex 35.15 0.849999 1.8
      vertex 33.45 0.849999 1.8
      vertex 35.15 -0.849999 1.8
    endloop
  endfacet
  facet normal -0 0 1
    outer loop
      vertex 30.25 0.849999 1.8
      vertex 35.15 -0.849999 1.8
      vertex 33.45 0.849999 1.8
    endloop
  endfacet
  facet normal 0 0 1
    outer loop
      vertex 30.25 3.9 1.8
      vertex 30.05 5.37 1.8
      vertex 30.05 4.13 1.8
    endloop
  endfacet
  facet normal 0 0 1
    outer loop
      vertex 30.05 2.83 1.8
      vertex 30.25 3.9 1.8
      vertex 30.05 4.13 1.8
    endloop
  endfacet
  facet normal 0 0 1
    outer loop
      vertex 30.25 3.9 1.8
      vertex 30.05 2.83 1.8
      vertex 30.25 0.849999 1.8
    endloop
  endfacet
  facet normal -0 0 1
    outer loop
      vertex 28.75 2.83 1.8
      vertex 30.25 0.849999 1.8
      vertex 30.05 2.83 1.8
    endloop
  endfacet
  facet normal 0 0 1
    outer loop
      vertex 28.55 3.9 1.8
      vertex 28.75 4.13 1.8
      vertex 28.55 5.6 1.8
    endloop
  endfacet
  facet normal 0 0 1
    outer loop
      vertex 28.75 4.13 1.8
      vertex 28.55 3.9 1.8
      vertex 28.75 2.83 1.8
    endloop
  endfacet
  facet normal 0 0 1
    outer loop
      vertex 28.55 0.849999 1.8
      vertex 28.75 2.83 1.8
      vertex 28.55 3.9 1.8
    endloop
  endfacet
  facet normal 0 0 1
    outer loop
      vertex 28.55 0.849999 1.8
      vertex 30.25 0.849999 1.8
      vertex 28.75 2.83 1.8
    endloop
  endfacet
  facet normal 0 0 1
    outer loop
      vertex 25.35 -0.849999 1.8
      vertex 30.25 0.849999 1.8
      vertex 28.55 0.849999 1.8
    endloop
  endfacet
  facet normal 0 0 1
    outer loop
      vertex 25.35 -0.849999 1.8
      vertex 28.55 0.849999 1.8
      vertex 25.35 0.849999 1.8
    endloop
  endfacet
  facet normal 0 0 1
    outer loop
      vertex 30.25 0.849999 1.8
      vertex 25.35 -0.849999 1.8
      vertex 35.15 -0.849999 1.8
    endloop
  endfacet
  facet normal -1 0 0
    outer loop
      vertex -0.65 -6.67 1.8
      vertex -0.65 -5.37 3.1
      vertex -0.65 -5.37 1.8
    endloop
  endfacet
  facet normal -1 -0 0
    outer loop
      vertex -0.65 -5.37 3.1
      vertex -0.65 -6.67 1.8
      vertex -0.65 -6.67 3.1
    endloop
  endfacet
  facet normal 0 1 -0
    outer loop
      vertex 0.65 -5.37 1.8
      vertex -0.65 -5.37 3.1
      vertex 0.65 -5.37 3.1
    endloop
  endfacet
  facet normal 0 1 0
    outer loop
      vertex -0.65 -5.37 3.1
      vertex 0.65 -5.37 1.8
      vertex -0.65 -5.37 1.8
    endloop
  endfacet
  facet normal 0 -1 0
    outer loop
      vertex -0.65 -6.67 1.8
      vertex 0.65 -6.67 3.1
      vertex -0.65 -6.67 3.1
    endloop
  endfacet
  facet normal 0 -1 -0
    outer loop
      vertex 0.65 -6.67 3.1
      vertex -0.65 -6.67 1.8
      vertex 0.65 -6.67 1.8
    endloop
  endfacet
  facet normal 1 -0 0
    outer loop
      vertex 0.65 -4.13 3.1
      vertex 0.65 -2.83 1.8
      vertex 0.65 -2.83 3.1
    endloop
  endfacet
  facet normal 1 0 0
    outer loop
      vertex 0.65 -2.83 1.8
      vertex 0.65 -4.13 3.1
      vertex 0.65 -4.13 1.8
    endloop
  endfacet
  facet normal -0 0 1
    outer loop
      vertex -0.65 -2.83 3.1
      vertex 0.65 -4.13 3.1
      vertex 0.65 -2.83 3.1
    endloop
  endfacet
  facet normal 0 0 1
    outer loop
      vertex 0.65 -4.13 3.1
      vertex -0.65 -2.83 3.1
      vertex -0.65 -4.13 3.1
    endloop
  endfacet
  facet normal -1 0 0
    outer loop
      vertex -0.65 -4.13 1.8
      vertex -0.65 -2.83 3.1
      vertex -0.65 -2.83 1.8
    endloop
  endfacet
  facet normal -1 -0 0
    outer loop
      vertex -0.65 -2.83 3.1
      vertex -0.65 -4.13 1.8
      vertex -0.65 -4.13 3.1
    endloop
  endfacet
  facet normal 0 1 -0
    outer loop
      vertex 0.65 -2.83 1.8
      vertex -0.65 -2.83 3.1
      vertex 0.65 -2.83 3.1
    endloop
  endfacet
  facet normal 0 1 0
    outer loop
      vertex -0.65 -2.83 3.1
      vertex 0.65 -2.83 1.8
      vertex -0.65 -2.83 1.8
    endloop
  endfacet
  facet normal 0 -1 0
    outer loop
      vertex -0.65 -4.13 1.8
      vertex 0.65 -4.13 3.1
      vertex -0.65 -4.13 3.1
    endloop
  endfacet
  facet normal 0 -1 -0
    outer loop
      vertex 0.65 -4.13 3.1
      vertex -0.65 -4.13 1.8
      vertex 0.65 -4.13 1.8
    endloop
  endfacet
  facet normal 1 -0 0
    outer loop
      vertex 0.849999 -8 1.8
      vertex 0.849999 -5.6 0
      vertex 0.849999 -5.6 1.8
    endloop
  endfacet
  facet normal 1 0 0
    outer loop
      vertex 0.849999 -5.6 0
      vertex 0.849999 -8 1.8
      vertex 0.849999 -8 0
    endloop
  endfacet
  facet normal 1 -0 0
    outer loop
      vertex 0.849999 -3.9 1.8
      vertex 0.849999 -0.849999 0
      vertex 0.849999 -0.849999 1.8
    endloop
  endfacet
  facet normal 1 0 0
    outer loop
      vertex 0.849999 -0.849999 0
      vertex 0.849999 -3.9 1.8
      vertex 0.849999 -3.9 0
    endloop
  endfacet
  facet normal 0 0 -1
    outer loop
      vertex -0.849999 -8 0
      vertex 0.849999 -5.6 0
      vertex 0.849999 -8 0
    endloop
  endfacet
  facet normal -0 0 -1
    outer loop
      vertex 0.849999 -5.6 0
      vertex -0.849999 -8 0
      vertex 0.849999 -3.9 0
    endloop
  endfacet
  facet normal 0 0 -1
    outer loop
      vertex -0.849999 0.849999 0
      vertex 0.849999 -3.9 0
      vertex -0.849999 -8 0
    endloop
  endfacet
  facet normal 0 0 -1
    outer loop
      vertex 0.849999 -5.6 0
      vertex 4.05 -3.9 0
      vertex 4.05 -5.6 0
    endloop
  endfacet
  facet normal -0 0 -1
    outer loop
      vertex 4.05 -3.9 0
      vertex 0.849999 -5.6 0
      vertex 0.849999 -3.9 0
    endloop
  endfacet
  facet normal 0 0 -1
    outer loop
      vertex 4.05 -5.6 0
      vertex 5.75 -5.6 0
      vertex 5.75 -8 0
    endloop
  endfacet
  facet normal 0 0 -1
    outer loop
      vertex 5.75 -5.6 0
      vertex 4.05 -5.6 0
      vertex 5.75 -3.9 0
    endloop
  endfacet
  facet normal 0 0 -1
    outer loop
      vertex 4.05 -5.6 0
      vertex 5.75 -8 0
      vertex 4.05 -8 0
    endloop
  endfacet
  facet normal 0 0 -1
    outer loop
      vertex 5.75 -0.849999 0
      vertex 8.95 0.849999 0
      vertex 8.95 -0.849999 0
    endloop
  endfacet
  facet normal -0 0 -1
    outer loop
      vertex 5.75 -3.9 0
      vertex 4.05 -5.6 0
      vertex 4.05 -3.9 0
    endloop
  endfacet
  facet normal 0 0 -1
    outer loop
      vertex 5.75 -3.9 0
      vertex 4.05 -3.9 0
      vertex 5.75 -0.849999 0
    endloop
  endfacet
  facet normal 0 0 -1
    outer loop
      vertex 4.05 -0.849999 0
      vertex 5.75 -0.849999 0
      vertex 4.05 -3.9 0
    endloop
  endfacet
  facet normal 0 0 -1
    outer loop
      vertex 4.05 -0.849999 0
      vertex 8.95 0.849999 0
      vertex 5.75 -0.849999 0
    endloop
  endfacet
  facet normal 0 0 -1
    outer loop
      vertex -0.849999 0.849999 0
      vertex 4.05 -0.849999 0
      vertex 0.849999 -0.849999 0
    endloop
  endfacet
  facet normal 0 0 -1
    outer loop
      vertex 4.05 -0.849999 0
      vertex -0.849999 0.849999 0
      vertex 8.95 0.849999 0
    endloop
  endfacet
  facet normal 0 0 -1
    outer loop
      vertex 0.849999 -3.9 0
      vertex -0.849999 0.849999 0
      vertex 0.849999 -0.849999 0
    endloop
  endfacet
  facet normal 0 0 -1
    outer loop
      vertex 5.75 -5.6 0
      vertex 8.95 -3.9 0
      vertex 8.95 -5.6 0
    endloop
  endfacet
  facet normal -0 0 -1
    outer loop
      vertex 8.95 -3.9 0
      vertex 5.75 -5.6 0
      vertex 5.75 -3.9 0
    endloop
  endfacet
  facet normal 0 0 -1
    outer loop
      vertex 8.95 -5.6 0
      vertex 10.65 -5.6 0
      vertex 10.65 -8 0
    endloop
  endfacet
  facet normal 0 0 -1
    outer loop
      vertex 10.65 -5.6 0
      vertex 8.95 -5.6 0
      vertex 10.65 -3.9 0
    endloop
  endfacet
  facet normal 0 0 -1
    outer loop
      vertex 10.65 -3.9 0
      vertex 8.95 -3.9 0
      vertex 10.65 -0.849999 0
    endloop
  endfacet
  facet normal 0 0 -1
    outer loop
      vertex 8.95 -0.849999 0
      vertex 10.65 -0.849999 0
      vertex 8.95 -3.9 0
    endloop
  endfacet
  facet normal 0 0 -1
    outer loop
      vertex 8.95 0.849999 0
      vertex 10.65 0.849999 0
      vertex 8.95 -0.849999 0
    endloop
  endfacet
  facet normal 0 0 -1
    outer loop
      vertex 10.65 0.849999 0
      vertex 8.95 0.849999 0
      vertex 10.65 3.9 0
    endloop
  endfacet
  facet normal 0 0 -1
    outer loop
      vertex 8.95 -5.6 0
      vertex 10.65 -8 0
      vertex 8.95 -8 0
    endloop
  endfacet
  facet normal -0 0 -1
    outer loop
      vertex 10.65 -3.9 0
      vertex 8.95 -5.6 0
      vertex 8.95 -3.9 0
    endloop
  endfacet
  facet normal 0 0 -1
    outer loop
      vertex 10.65 -0.849999 0
      vertex 8.95 -0.849999 0
      vertex 10.65 0.849999 0
    endloop
  endfacet
  facet normal 0 0 -1
    outer loop
      vertex 8.95 3.9 0
      vertex 10.65 3.9 0
      vertex 8.95 0.849999 0
    endloop
  endfacet
  facet normal 0 0 -1
    outer loop
      vertex 10.65 3.9 0
      vertex 8.95 3.9 0
      vertex 10.65 5.6 0
    endloop
  endfacet
  facet normal 0 0 -1
    outer loop
      vertex 8.95 5.6 0
      vertex 10.65 5.6 0
      vertex 8.95 3.9 0
    endloop
  endfacet
  facet normal 0 0 -1
    outer loop
      vertex 10.65 5.6 0
      vertex 8.95 5.6 0
      vertex 10.65 8 0
    endloop
  endfacet
  facet normal -0 0 -1
    outer loop
      vertex 10.65 8 0
      vertex 8.95 5.6 0
      vertex 8.95 8 0
    endloop
  endfacet
  facet normal 0 0 -1
    outer loop
      vertex 10.65 3.9 0
      vertex 13.85 5.6 0
      vertex 13.85 3.9 0
    endloop
  endfacet
  facet normal -0 0 -1
    outer loop
      vertex 13.85 5.6 0
      vertex 10.65 3.9 0
      vertex 10.65 5.6 0
    endloop
  endfacet
  facet normal 0 0 -1
    outer loop
      vertex 10.65 -5.6 0
      vertex 13.85 -3.9 0
      vertex 13.85 -5.6 0
    endloop
  endfacet
  facet normal -0 0 -1
    outer loop
      vertex 13.85 -3.9 0
      vertex 10.65 -5.6 0
      vertex 10.65 -3.9 0
    endloop
  endfacet
  facet normal 0 0 -1
    outer loop
      vertex 13.85 -5.6 0
      vertex 15.55 -5.6 0
      vertex 15.55 -8 0
    endloop
  endfacet
  facet normal 0 0 -1
    outer loop
      vertex 15.55 -5.6 0
      vertex 13.85 -5.6 0
      vertex 15.55 -3.9 0
    endloop
  endfacet
  facet normal 0 0 -1
    outer loop
      vertex 15.55 -3.9 0
      vertex 13.85 -3.9 0
      vertex 15.55 3.9 0
    endloop
  endfacet
  facet normal 0 0 -1
    outer loop
      vertex 13.85 3.9 0
      vertex 15.55 3.9 0
      vertex 13.85 -3.9 0
    endloop
  endfacet
  facet normal 0 0 -1
    outer loop
      vertex 13.85 -5.6 0
      vertex 15.55 -8 0
      vertex 13.85 -8 0
    endloop
  endfacet
  facet normal -0 0 -1
    outer loop
      vertex 15.55 -3.9 0
      vertex 13.85 -5.6 0
      vertex 13.85 -3.9 0
    endloop
  endfacet
  facet normal 0 0 -1
    outer loop
      vertex 15.55 3.9 0
      vertex 13.85 3.9 0
      vertex 15.55 5.6 0
    endloop
  endfacet
  facet normal 0 0 -1
    outer loop
      vertex 13.85 5.6 0
      vertex 15.55 5.6 0
      vertex 13.85 3.9 0
    endloop
  endfacet
  facet normal 0 0 -1
    outer loop
      vertex 15.55 5.6 0
      vertex 13.85 5.6 0
      vertex 15.55 8 0
    endloop
  endfacet
  facet normal -0 0 -1
    outer loop
      vertex 15.55 8 0
      vertex 13.85 5.6 0
      vertex 13.85 8 0
    endloop
  endfacet
  facet normal 0 0 -1
    outer loop
      vertex 15.55 3.9 0
      vertex 18.75 5.6 0
      vertex 18.75 3.9 0
    endloop
  endfacet
  facet normal -0 0 -1
    outer loop
      vertex 18.75 5.6 0
      vertex 15.55 3.9 0
      vertex 15.55 5.6 0
    endloop
  endfacet
  facet normal 0 0 -1
    outer loop
      vertex 15.55 -5.6 0
      vertex 18.75 -3.9 0
      vertex 18.75 -5.6 0
    endloop
  endfacet
  facet normal -0 0 -1
    outer loop
      vertex 18.75 -3.9 0
      vertex 15.55 -5.6 0
      vertex 15.55 -3.9 0
    endloop
  endfacet
  facet normal 0 0 -1
    outer loop
      vertex 18.75 -5.6 0
      vertex 20.45 -5.6 0
      vertex 20.45 -8 0
    endloop
  endfacet
  facet normal 0 0 -1
    outer loop
      vertex 20.45 -5.6 0
      vertex 18.75 -5.6 0
      vertex 20.45 -3.9 0
    endloop
  endfacet
  facet normal 0 0 -1
    outer loop
      vertex 20.45 -3.9 0
      vertex 18.75 -3.9 0
      vertex 20.45 3.9 0
    endloop
  endfacet
  facet normal 0 0 -1
    outer loop
      vertex 18.75 3.9 0
      vertex 20.45 3.9 0
      vertex 18.75 -3.9 0
    endloop
  endfacet
  facet normal 0 0 -1
    outer loop
      vertex 18.75 -5.6 0
      vertex 20.45 -8 0
      vertex 18.75 -8 0
    endloop
  endfacet
  facet normal -0 0 -1
    outer loop
      vertex 20.45 -3.9 0
      vertex 18.75 -5.6 0
      vertex 18.75 -3.9 0
    endloop
  endfacet
  facet normal 0 0 -1
    outer loop
      vertex 20.45 3.9 0
      vertex 18.75 3.9 0
      vertex 20.45 5.6 0
    endloop
  endfacet
  facet normal 0 0 -1
    outer loop
      vertex 18.75 5.6 0
      vertex 20.45 5.6 0
      vertex 18.75 3.9 0
    endloop
  endfacet
  facet normal 0 0 -1
    outer loop
      vertex 20.45 5.6 0
      vertex 18.75 5.6 0
      vertex 20.45 8 0
    endloop
  endfacet
  facet normal -0 0 -1
    outer loop
      vertex 20.45 8 0
      vertex 18.75 5.6 0
      vertex 18.75 8 0
    endloop
  endfacet
  facet normal 0 0 -1
    outer loop
      vertex 20.45 3.9 0
      vertex 23.65 5.6 0
      vertex 23.65 3.9 0
    endloop
  endfacet
  facet normal -0 0 -1
    outer loop
      vertex 23.65 5.6 0
      vertex 20.45 3.9 0
      vertex 20.45 5.6 0
    endloop
  endfacet
  facet normal 0 0 -1
    outer loop
      vertex 20.45 -5.6 0
      vertex 23.65 -3.9 0
      vertex 23.65 -5.6 0
    endloop
  endfacet
  facet normal -0 0 -1
    outer loop
      vertex 23.65 -3.9 0
      vertex 20.45 -5.6 0
      vertex 20.45 -3.9 0
    endloop
  endfacet
  facet normal 0 0 -1
    outer loop
      vertex 23.65 -3.9 0
      vertex 25.35 -0.849999 0
      vertex 25.35 -8 0
    endloop
  endfacet
  facet normal 0 0 -1
    outer loop
      vertex 23.65 -0.849999 0
      vertex 25.35 -0.849999 0
      vertex 23.65 -3.9 0
    endloop
  endfacet
  facet normal 0 0 -1
    outer loop
      vertex 23.65 0.849999 0
      vertex 25.35 0.849999 0
      vertex 23.65 -0.849999 0
    endloop
  endfacet
  facet normal 0 0 -1
    outer loop
      vertex 25.35 0.849999 0
      vertex 23.65 0.849999 0
      vertex 25.35 3.9 0
    endloop
  endfacet
  facet normal 0 0 -1
    outer loop
      vertex 23.65 -5.6 0
      vertex 25.35 -8 0
      vertex 23.65 -8 0
    endloop
  endfacet
  facet normal 0 0 -1
    outer loop
      vertex 23.65 -3.9 0
      vertex 25.35 -8 0
      vertex 23.65 -5.6 0
    endloop
  endfacet
  facet normal 0 0 -1
    outer loop
      vertex 25.35 -0.849999 0
      vertex 23.65 -0.849999 0
      vertex 25.35 0.849999 0
    endloop
  endfacet
  facet normal 0 0 -1
    outer loop
      vertex 23.65 3.9 0
      vertex 25.35 3.9 0
      vertex 23.65 0.849999 0
    endloop
  endfacet
  facet normal 0 0 -1
    outer loop
      vertex 25.35 3.9 0
      vertex 23.65 3.9 0
      vertex 25.35 5.6 0
    endloop
  endfacet
  facet normal 0 0 -1
    outer loop
      vertex 23.65 5.6 0
      vertex 25.35 5.6 0
      vertex 23.65 3.9 0
    endloop
  endfacet
  facet normal 0 0 -1
    outer loop
      vertex 25.35 5.6 0
      vertex 23.65 5.6 0
      vertex 25.35 8 0
    endloop
  endfacet
  facet normal -0 0 -1
    outer loop
      vertex 25.35 8 0
      vertex 23.65 5.6 0
      vertex 23.65 8 0
    endloop
  endfacet
  facet normal 0 0 -1
    outer loop
      vertex 25.35 3.9 0
      vertex 28.55 5.6 0
      vertex 28.55 3.9 0
    endloop
  endfacet
  facet normal -0 0 -1
    outer loop
      vertex 28.55 5.6 0
      vertex 25.35 3.9 0
      vertex 25.35 5.6 0
    endloop
  endfacet
  facet normal 0 0 -1
    outer loop
      vertex 30.25 3.9 0
      vertex 33.45 5.6 0
      vertex 33.45 3.9 0
    endloop
  endfacet
  facet normal -0 0 -1
    outer loop
      vertex 33.45 5.6 0
      vertex 30.25 3.9 0
      vertex 30.25 5.6 0
    endloop
  endfacet
  facet normal 0 0 -1
    outer loop
      vertex 33.45 3.9 0
      vertex 35.15 3.9 0
      vertex 35.15 0.849999 0
    endloop
  endfacet
  facet normal 0 0 -1
    outer loop
      vertex 35.15 3.9 0
      vertex 33.45 3.9 0
      vertex 35.15 5.6 0
    endloop
  endfacet
  facet normal 0 0 -1
    outer loop
      vertex 33.45 3.9 0
      vertex 35.15 0.849999 0
      vertex 33.45 0.849999 0
    endloop
  endfacet
  facet normal 0 0 -1
    outer loop
      vertex 35.15 -0.849999 0
      vertex 33.45 0.849999 0
      vertex 35.15 0.849999 0
    endloop
  endfacet
  facet normal 0 0 -1
    outer loop
      vertex 35.15 -0.849999 0
      vertex 30.25 0.849999 0
      vertex 33.45 0.849999 0
    endloop
  endfacet
  facet normal 0 0 -1
    outer loop
      vertex 28.55 3.9 0
      vertex 30.25 3.9 0
      vertex 30.25 0.849999 0
    endloop
  endfacet
  facet normal 0 0 -1
    outer loop
      vertex 30.25 3.9 0
      vertex 28.55 3.9 0
      vertex 30.25 5.6 0
    endloop
  endfacet
  facet normal 0 0 -1
    outer loop
      vertex 28.55 3.9 0
      vertex 30.25 0.849999 0
      vertex 28.55 0.849999 0
    endloop
  endfacet
  facet normal 0 0 -1
    outer loop
      vertex 25.35 -0.849999 0
      vertex 30.25 0.849999 0
      vertex 35.15 -0.849999 0
    endloop
  endfacet
  facet normal -0 0 -1
    outer loop
      vertex 30.25 0.849999 0
      vertex 25.35 -0.849999 0
      vertex 28.55 0.849999 0
    endloop
  endfacet
  facet normal -0 0 -1
    outer loop
      vertex 28.55 0.849999 0
      vertex 25.35 -0.849999 0
      vertex 25.35 0.849999 0
    endloop
  endfacet
  facet normal 0 0 -1
    outer loop
      vertex 33.45 5.6 0
      vertex 35.15 5.6 0
      vertex 33.45 3.9 0
    endloop
  endfacet
  facet normal 0 0 -1
    outer loop
      vertex 35.15 5.6 0
      vertex 33.45 5.6 0
      vertex 35.15 8 0
    endloop
  endfacet
  facet normal -0 0 -1
    outer loop
      vertex 35.15 8 0
      vertex 33.45 5.6 0
      vertex 33.45 8 0
    endloop
  endfacet
  facet normal 0 0 -1
    outer loop
      vertex 28.55 5.6 0
      vertex 30.25 5.6 0
      vertex 28.55 3.9 0
    endloop
  endfacet
  facet normal 0 0 -1
    outer loop
      vertex 30.25 5.6 0
      vertex 28.55 5.6 0
      vertex 30.25 8 0
    endloop
  endfacet
  facet normal -0 0 -1
    outer loop
      vertex 30.25 8 0
      vertex 28.55 5.6 0
      vertex 28.55 8 0
    endloop
  endfacet
  facet normal -1 0 0
    outer loop
      vertex -0.849999 -8 0
      vertex -0.849999 0.849999 1.8
      vertex -0.849999 0.849999 0
    endloop
  endfacet
  facet normal -1 -0 0
    outer loop
      vertex -0.849999 0.849999 1.8
      vertex -0.849999 -8 0
      vertex -0.849999 -8 1.8
    endloop
  endfacet
  facet normal 0 -1 0
    outer loop
      vertex -0.849999 -8 0
      vertex 0.849999 -8 1.8
      vertex -0.849999 -8 1.8
    endloop
  endfacet
  facet normal 0 -1 -0
    outer loop
      vertex 0.849999 -8 1.8
      vertex -0.849999 -8 0
      vertex 0.849999 -8 0
    endloop
  endfacet
  facet normal 1 -0 0
    outer loop
      vertex 5.55 -6.67 3.1
      vertex 5.55 -5.37 1.8
      vertex 5.55 -5.37 3.1
    endloop
  endfacet
  facet normal 1 0 0
    outer loop
      vertex 5.55 -5.37 1.8
      vertex 5.55 -6.67 3.1
      vertex 5.55 -6.67 1.8
    endloop
  endfacet
  facet normal -0 0 1
    outer loop
      vertex 4.25 -5.37 3.1
      vertex 5.55 -6.67 3.1
      vertex 5.55 -5.37 3.1
    endloop
  endfacet
  facet normal 0 0 1
    outer loop
      vertex 5.55 -6.67 3.1
      vertex 4.25 -5.37 3.1
      vertex 4.25 -6.67 3.1
    endloop
  endfacet
  facet normal -1 0 0
    outer loop
      vertex 4.25 -6.67 1.8
      vertex 4.25 -5.37 3.1
      vertex 4.25 -5.37 1.8
    endloop
  endfacet
  facet normal -1 -0 0
    outer loop
      vertex 4.25 -5.37 3.1
      vertex 4.25 -6.67 1.8
      vertex 4.25 -6.67 3.1
    endloop
  endfacet
  facet normal 0 1 -0
    outer loop
      vertex 5.55 -5.37 1.8
      vertex 4.25 -5.37 3.1
      vertex 5.55 -5.37 3.1
    endloop
  endfacet
  facet normal 0 1 0
    outer loop
      vertex 4.25 -5.37 3.1
      vertex 5.55 -5.37 1.8
      vertex 4.25 -5.37 1.8
    endloop
  endfacet
  facet normal 0 -1 0
    outer loop
      vertex 4.25 -6.67 1.8
      vertex 5.55 -6.67 3.1
      vertex 4.25 -6.67 3.1
    endloop
  endfacet
  facet normal 0 -1 -0
    outer loop
      vertex 5.55 -6.67 3.1
      vertex 4.25 -6.67 1.8
      vertex 5.55 -6.67 1.8
    endloop
  endfacet
  facet normal 1 -0 0
    outer loop
      vertex 5.55 -4.13 3.1
      vertex 5.55 -2.83 1.8
      vertex 5.55 -2.83 3.1
    endloop
  endfacet
  facet normal 1 0 0
    outer loop
      vertex 5.55 -2.83 1.8
      vertex 5.55 -4.13 3.1
      vertex 5.55 -4.13 1.8
    endloop
  endfacet
  facet normal -0 0 1
    outer loop
      vertex 4.25 -2.83 3.1
      vertex 5.55 -4.13 3.1
      vertex 5.55 -2.83 3.1
    endloop
  endfacet
  facet normal 0 0 1
    outer loop
      vertex 5.55 -4.13 3.1
      vertex 4.25 -2.83 3.1
      vertex 4.25 -4.13 3.1
    endloop
  endfacet
  facet normal -1 0 0
    outer loop
      vertex 4.25 -4.13 1.8
      vertex 4.25 -2.83 3.1
      vertex 4.25 -2.83 1.8
    endloop
  endfacet
  facet normal -1 -0 0
    outer loop
      vertex 4.25 -2.83 3.1
      vertex 4.25 -4.13 1.8
      vertex 4.25 -4.13 3.1
    endloop
  endfacet
  facet normal 0 1 -0
    outer loop
      vertex 5.55 -2.83 1.8
      vertex 4.25 -2.83 3.1
      vertex 5.55 -2.83 3.1
    endloop
  endfacet
  facet normal 0 1 0
    outer loop
      vertex 4.25 -2.83 3.1
      vertex 5.55 -2.83 1.8
      vertex 4.25 -2.83 1.8
    endloop
  endfacet
  facet normal 0 -1 0
    outer loop
      vertex 4.25 -4.13 1.8
      vertex 5.55 -4.13 3.1
      vertex 4.25 -4.13 3.1
    endloop
  endfacet
  facet normal 0 -1 -0
    outer loop
      vertex 5.55 -4.13 3.1
      vertex 4.25 -4.13 1.8
      vertex 5.55 -4.13 1.8
    endloop
  endfacet
  facet normal 1 -0 0
    outer loop
      vertex 5.75 -8 1.8
      vertex 5.75 -5.6 0
      vertex 5.75 -5.6 1.8
    endloop
  endfacet
  facet normal 1 0 0
    outer loop
      vertex 5.75 -5.6 0
      vertex 5.75 -8 1.8
      vertex 5.75 -8 0
    endloop
  endfacet
  facet normal 1 -0 0
    outer loop
      vertex 5.75 -3.9 1.8
      vertex 5.75 -0.849999 0
      vertex 5.75 -0.849999 1.8
    endloop
  endfacet
  facet normal 1 0 0
    outer loop
      vertex 5.75 -0.849999 0
      vertex 5.75 -3.9 1.8
      vertex 5.75 -3.9 0
    endloop
  endfacet
  facet normal -1 0 0
    outer loop
      vertex 4.05 -8 0
      vertex 4.05 -5.6 1.8
      vertex 4.05 -5.6 0
    endloop
  endfacet
  facet normal -1 -0 0
    outer loop
      vertex 4.05 -5.6 1.8
      vertex 4.05 -8 0
      vertex 4.05 -8 1.8
    endloop
  endfacet
  facet normal -1 0 0
    outer loop
      vertex 4.05 -3.9 0
      vertex 4.05 -0.849999 1.8
      vertex 4.05 -0.849999 0
    endloop
  endfacet
  facet normal -1 -0 0
    outer loop
      vertex 4.05 -0.849999 1.8
      vertex 4.05 -3.9 0
      vertex 4.05 -3.9 1.8
    endloop
  endfacet
  facet normal 0 -1 0
    outer loop
      vertex 4.05 -8 0
      vertex 5.75 -8 1.8
      vertex 4.05 -8 1.8
    endloop
  endfacet
  facet normal 0 -1 -0
    outer loop
      vertex 5.75 -8 1.8
      vertex 4.05 -8 0
      vertex 5.75 -8 0
    endloop
  endfacet
  facet normal 1 -0 0
    outer loop
      vertex 10.45 -6.67 3.1
      vertex 10.45 -5.37 1.8
      vertex 10.45 -5.37 3.1
    endloop
  endfacet
  facet normal 1 0 0
    outer loop
      vertex 10.45 -5.37 1.8
      vertex 10.45 -6.67 3.1
      vertex 10.45 -6.67 1.8
    endloop
  endfacet
  facet normal -0 0 1
    outer loop
      vertex 9.15 -5.37 3.1
      vertex 10.45 -6.67 3.1
      vertex 10.45 -5.37 3.1
    endloop
  endfacet
  facet normal 0 0 1
    outer loop
      vertex 10.45 -6.67 3.1
      vertex 9.15 -5.37 3.1
      vertex 9.15 -6.67 3.1
    endloop
  endfacet
  facet normal -1 0 0
    outer loop
      vertex 9.15 -6.67 1.8
      vertex 9.15 -5.37 3.1
      vertex 9.15 -5.37 1.8
    endloop
  endfacet
  facet normal -1 -0 0
    outer loop
      vertex 9.15 -5.37 3.1
      vertex 9.15 -6.67 1.8
      vertex 9.15 -6.67 3.1
    endloop
  endfacet
  facet normal 0 1 -0
    outer loop
      vertex 10.45 -5.37 1.8
      vertex 9.15 -5.37 3.1
      vertex 10.45 -5.37 3.1
    endloop
  endfacet
  facet normal 0 1 0
    outer loop
      vertex 9.15 -5.37 3.1
      vertex 10.45 -5.37 1.8
      vertex 9.15 -5.37 1.8
    endloop
  endfacet
  facet normal 0 -1 0
    outer loop
      vertex 9.15 -6.67 1.8
      vertex 10.45 -6.67 3.1
      vertex 9.15 -6.67 3.1
    endloop
  endfacet
  facet normal 0 -1 -0
    outer loop
      vertex 10.45 -6.67 3.1
      vertex 9.15 -6.67 1.8
      vertex 10.45 -6.67 1.8
    endloop
  endfacet
  facet normal 1 -0 0
    outer loop
      vertex 10.45 -4.13 3.1
      vertex 10.45 -2.83 1.8
      vertex 10.45 -2.83 3.1
    endloop
  endfacet
  facet normal 1 0 0
    outer loop
      vertex 10.45 -2.83 1.8
      vertex 10.45 -4.13 3.1
      vertex 10.45 -4.13 1.8
    endloop
  endfacet
  facet normal -0 0 1
    outer loop
      vertex 9.15 -2.83 3.1
      vertex 10.45 -4.13 3.1
      vertex 10.45 -2.83 3.1
    endloop
  endfacet
  facet normal 0 0 1
    outer loop
      vertex 10.45 -4.13 3.1
      vertex 9.15 -2.83 3.1
      vertex 9.15 -4.13 3.1
    endloop
  endfacet
  facet normal -1 0 0
    outer loop
      vertex 9.15 -4.13 1.8
      vertex 9.15 -2.83 3.1
      vertex 9.15 -2.83 1.8
    endloop
  endfacet
  facet normal -1 -0 0
    outer loop
      vertex 9.15 -2.83 3.1
      vertex 9.15 -4.13 1.8
      vertex 9.15 -4.13 3.1
    endloop
  endfacet
  facet normal 0 1 -0
    outer loop
      vertex 10.45 -2.83 1.8
      vertex 9.15 -2.83 3.1
      vertex 10.45 -2.83 3.1
    endloop
  endfacet
  facet normal 0 1 0
    outer loop
      vertex 9.15 -2.83 3.1
      vertex 10.45 -2.83 1.8
      vertex 9.15 -2.83 1.8
    endloop
  endfacet
  facet normal 0 -1 0
    outer loop
      vertex 9.15 -4.13 1.8
      vertex 10.45 -4.13 3.1
      vertex 9.15 -4.13 3.1
    endloop
  endfacet
  facet normal 0 -1 -0
    outer loop
      vertex 10.45 -4.13 3.1
      vertex 9.15 -4.13 1.8
      vertex 10.45 -4.13 1.8
    endloop
  endfacet
  facet normal 1 -0 0
    outer loop
      vertex 10.45 2.83 3.1
      vertex 10.45 4.13 1.8
      vertex 10.45 4.13 3.1
    endloop
  endfacet
  facet normal 1 0 0
    outer loop
      vertex 10.45 4.13 1.8
      vertex 10.45 2.83 3.1
      vertex 10.45 2.83 1.8
    endloop
  endfacet
  facet normal -0 0 1
    outer loop
      vertex 9.15 4.13 3.1
      vertex 10.45 2.83 3.1
      vertex 10.45 4.13 3.1
    endloop
  endfacet
  facet normal 0 0 1
    outer loop
      vertex 10.45 2.83 3.1
      vertex 9.15 4.13 3.1
      vertex 9.15 2.83 3.1
    endloop
  endfacet
  facet normal -1 0 0
    outer loop
      vertex 9.15 2.83 1.8
      vertex 9.15 4.13 3.1
      vertex 9.15 4.13 1.8
    endloop
  endfacet
  facet normal -1 -0 0
    outer loop
      vertex 9.15 4.13 3.1
      vertex 9.15 2.83 1.8
      vertex 9.15 2.83 3.1
    endloop
  endfacet
  facet normal 0 1 -0
    outer loop
      vertex 10.45 4.13 1.8
      vertex 9.15 4.13 3.1
      vertex 10.45 4.13 3.1
    endloop
  endfacet
  facet normal 0 1 0
    outer loop
      vertex 9.15 4.13 3.1
      vertex 10.45 4.13 1.8
      vertex 9.15 4.13 1.8
    endloop
  endfacet
  facet normal 0 -1 0
    outer loop
      vertex 9.15 2.83 1.8
      vertex 10.45 2.83 3.1
      vertex 9.15 2.83 3.1
    endloop
  endfacet
  facet normal 0 -1 -0
    outer loop
      vertex 10.45 2.83 3.1
      vertex 9.15 2.83 1.8
      vertex 10.45 2.83 1.8
    endloop
  endfacet
  facet normal 1 -0 0
    outer loop
      vertex 10.45 5.37 3.1
      vertex 10.45 6.67 1.8
      vertex 10.45 6.67 3.1
    endloop
  endfacet
  facet normal 1 0 0
    outer loop
      vertex 10.45 6.67 1.8
      vertex 10.45 5.37 3.1
      vertex 10.45 5.37 1.8
    endloop
  endfacet
  facet normal -0 0 1
    outer loop
      vertex 9.15 6.67 3.1
      vertex 10.45 5.37 3.1
      vertex 10.45 6.67 3.1
    endloop
  endfacet
  facet normal 0 0 1
    outer loop
      vertex 10.45 5.37 3.1
      vertex 9.15 6.67 3.1
      vertex 9.15 5.37 3.1
    endloop
  endfacet
  facet normal -1 0 0
    outer loop
      vertex 9.15 5.37 1.8
      vertex 9.15 6.67 3.1
      vertex 9.15 6.67 1.8
    endloop
  endfacet
  facet normal -1 -0 0
    outer loop
      vertex 9.15 6.67 3.1
      vertex 9.15 5.37 1.8
      vertex 9.15 5.37 3.1
    endloop
  endfacet
  facet normal 0 1 -0
    outer loop
      vertex 10.45 6.67 1.8
      vertex 9.15 6.67 3.1
      vertex 10.45 6.67 3.1
    endloop
  endfacet
  facet normal 0 1 0
    outer loop
      vertex 9.15 6.67 3.1
      vertex 10.45 6.67 1.8
      vertex 9.15 6.67 1.8
    endloop
  endfacet
  facet normal 0 -1 0
    outer loop
      vertex 9.15 5.37 1.8
      vertex 10.45 5.37 3.1
      vertex 9.15 5.37 3.1
    endloop
  endfacet
  facet normal 0 -1 -0
    outer loop
      vertex 10.45 5.37 3.1
      vertex 9.15 5.37 1.8
      vertex 10.45 5.37 1.8
    endloop
  endfacet
  facet normal 1 -0 0
    outer loop
      vertex 10.65 5.6 1.8
      vertex 10.65 8 0
      vertex 10.65 8 1.8
    endloop
  endfacet
  facet normal 1 0 0
    outer loop
      vertex 10.65 8 0
      vertex 10.65 5.6 1.8
      vertex 10.65 5.6 0
    endloop
  endfacet
  facet normal 1 -0 0
    outer loop
      vertex 10.65 -8 1.8
      vertex 10.65 -5.6 0
      vertex 10.65 -5.6 1.8
    endloop
  endfacet
  facet normal 1 0 0
    outer loop
      vertex 10.65 -5.6 0
      vertex 10.65 -8 1.8
      vertex 10.65 -8 0
    endloop
  endfacet
  facet normal 1 -0 0
    outer loop
      vertex 10.65 -3.9 1.8
      vertex 10.65 -0.849999 0
      vertex 10.65 -0.849999 1.8
    endloop
  endfacet
  facet normal 1 0 0
    outer loop
      vertex 10.65 -0.849999 0
      vertex 10.65 -3.9 1.8
      vertex 10.65 -3.9 0
    endloop
  endfacet
  facet normal 1 -0 0
    outer loop
      vertex 10.65 0.849999 1.8
      vertex 10.65 3.9 0
      vertex 10.65 3.9 1.8
    endloop
  endfacet
  facet normal 1 0 0
    outer loop
      vertex 10.65 3.9 0
      vertex 10.65 0.849999 1.8
      vertex 10.65 0.849999 0
    endloop
  endfacet
  facet normal -1 0 0
    outer loop
      vertex 8.95 5.6 0
      vertex 8.95 8 1.8
      vertex 8.95 8 0
    endloop
  endfacet
  facet normal -1 -0 0
    outer loop
      vertex 8.95 8 1.8
      vertex 8.95 5.6 0
      vertex 8.95 5.6 1.8
    endloop
  endfacet
  facet normal -1 0 0
    outer loop
      vertex 8.95 -8 0
      vertex 8.95 -5.6 1.8
      vertex 8.95 -5.6 0
    endloop
  endfacet
  facet normal -1 -0 0
    outer loop
      vertex 8.95 -5.6 1.8
      vertex 8.95 -8 0
      vertex 8.95 -8 1.8
    endloop
  endfacet
  facet normal -1 0 0
    outer loop
      vertex 8.95 -3.9 0
      vertex 8.95 -0.849999 1.8
      vertex 8.95 -0.849999 0
    endloop
  endfacet
  facet normal -1 -0 0
    outer loop
      vertex 8.95 -0.849999 1.8
      vertex 8.95 -3.9 0
      vertex 8.95 -3.9 1.8
    endloop
  endfacet
  facet normal -1 0 0
    outer loop
      vertex 8.95 0.849999 0
      vertex 8.95 3.9 1.8
      vertex 8.95 3.9 0
    endloop
  endfacet
  facet normal -1 -0 0
    outer loop
      vertex 8.95 3.9 1.8
      vertex 8.95 0.849999 0
      vertex 8.95 0.849999 1.8
    endloop
  endfacet
  facet normal 0 1 -0
    outer loop
      vertex 10.65 8 0
      vertex 8.95 8 1.8
      vertex 10.65 8 1.8
    endloop
  endfacet
  facet normal 0 1 0
    outer loop
      vertex 8.95 8 1.8
      vertex 10.65 8 0
      vertex 8.95 8 0
    endloop
  endfacet
  facet normal 0 -1 0
    outer loop
      vertex 8.95 -8 0
      vertex 10.65 -8 1.8
      vertex 8.95 -8 1.8
    endloop
  endfacet
  facet normal 0 -1 -0
    outer loop
      vertex 10.65 -8 1.8
      vertex 8.95 -8 0
      vertex 10.65 -8 0
    endloop
  endfacet
  facet normal 1 -0 0
    outer loop
      vertex 15.35 -6.67 3.1
      vertex 15.35 -5.37 1.8
      vertex 15.35 -5.37 3.1
    endloop
  endfacet
  facet normal 1 0 0
    outer loop
      vertex 15.35 -5.37 1.8
      vertex 15.35 -6.67 3.1
      vertex 15.35 -6.67 1.8
    endloop
  endfacet
  facet normal -0 0 1
    outer loop
      vertex 14.05 -5.37 3.1
      vertex 15.35 -6.67 3.1
      vertex 15.35 -5.37 3.1
    endloop
  endfacet
  facet normal 0 0 1
    outer loop
      vertex 15.35 -6.67 3.1
      vertex 14.05 -5.37 3.1
      vertex 14.05 -6.67 3.1
    endloop
  endfacet
  facet normal -1 0 0
    outer loop
      vertex 14.05 -6.67 1.8
      vertex 14.05 -5.37 3.1
      vertex 14.05 -5.37 1.8
    endloop
  endfacet
  facet normal -1 -0 0
    outer loop
      vertex 14.05 -5.37 3.1
      vertex 14.05 -6.67 1.8
      vertex 14.05 -6.67 3.1
    endloop
  endfacet
  facet normal 0 1 -0
    outer loop
      vertex 15.35 -5.37 1.8
      vertex 14.05 -5.37 3.1
      vertex 15.35 -5.37 3.1
    endloop
  endfacet
  facet normal 0 1 0
    outer loop
      vertex 14.05 -5.37 3.1
      vertex 15.35 -5.37 1.8
      vertex 14.05 -5.37 1.8
    endloop
  endfacet
  facet normal 0 -1 0
    outer loop
      vertex 14.05 -6.67 1.8
      vertex 15.35 -6.67 3.1
      vertex 14.05 -6.67 3.1
    endloop
  endfacet
  facet normal 0 -1 -0
    outer loop
      vertex 15.35 -6.67 3.1
      vertex 14.05 -6.67 1.8
      vertex 15.35 -6.67 1.8
    endloop
  endfacet
  facet normal 1 -0 0
    outer loop
      vertex 15.35 -4.13 3.1
      vertex 15.35 -2.83 1.8
      vertex 15.35 -2.83 3.1
    endloop
  endfacet
  facet normal 1 0 0
    outer loop
      vertex 15.35 -2.83 1.8
      vertex 15.35 -4.13 3.1
      vertex 15.35 -4.13 1.8
    endloop
  endfacet
  facet normal -0 0 1
    outer loop
      vertex 14.05 -2.83 3.1
      vertex 15.35 -4.13 3.1
      vertex 15.35 -2.83 3.1
    endloop
  endfacet
  facet normal 0 0 1
    outer loop
      vertex 15.35 -4.13 3.1
      vertex 14.05 -2.83 3.1
      vertex 14.05 -4.13 3.1
    endloop
  endfacet
  facet normal -1 0 0
    outer loop
      vertex 14.05 -4.13 1.8
      vertex 14.05 -2.83 3.1
      vertex 14.05 -2.83 1.8
    endloop
  endfacet
  facet normal -1 -0 0
    outer loop
      vertex 14.05 -2.83 3.1
      vertex 14.05 -4.13 1.8
      vertex 14.05 -4.13 3.1
    endloop
  endfacet
  facet normal 0 1 -0
    outer loop
      vertex 15.35 -2.83 1.8
      vertex 14.05 -2.83 3.1
      vertex 15.35 -2.83 3.1
    endloop
  endfacet
  facet normal 0 1 0
    outer loop
      vertex 14.05 -2.83 3.1
      vertex 15.35 -2.83 1.8
      vertex 14.05 -2.83 1.8
    endloop
  endfacet
  facet normal 0 -1 0
    outer loop
      vertex 14.05 -4.13 1.8
      vertex 15.35 -4.13 3.1
      vertex 14.05 -4.13 3.1
    endloop
  endfacet
  facet normal 0 -1 -0
    outer loop
      vertex 15.35 -4.13 3.1
      vertex 14.05 -4.13 1.8
      vertex 15.35 -4.13 1.8
    endloop
  endfacet
  facet normal 1 -0 0
    outer loop
      vertex 15.35 2.83 3.1
      vertex 15.35 4.13 1.8
      vertex 15.35 4.13 3.1
    endloop
  endfacet
  facet normal 1 0 0
    outer loop
      vertex 15.35 4.13 1.8
      vertex 15.35 2.83 3.1
      vertex 15.35 2.83 1.8
    endloop
  endfacet
  facet normal -0 0 1
    outer loop
      vertex 14.05 4.13 3.1
      vertex 15.35 2.83 3.1
      vertex 15.35 4.13 3.1
    endloop
  endfacet
  facet normal 0 0 1
    outer loop
      vertex 15.35 2.83 3.1
      vertex 14.05 4.13 3.1
      vertex 14.05 2.83 3.1
    endloop
  endfacet
  facet normal -1 0 0
    outer loop
      vertex 14.05 2.83 1.8
      vertex 14.05 4.13 3.1
      vertex 14.05 4.13 1.8
    endloop
  endfacet
  facet normal -1 -0 0
    outer loop
      vertex 14.05 4.13 3.1
      vertex 14.05 2.83 1.8
      vertex 14.05 2.83 3.1
    endloop
  endfacet
  facet normal 0 1 -0
    outer loop
      vertex 15.35 4.13 1.8
      vertex 14.05 4.13 3.1
      vertex 15.35 4.13 3.1
    endloop
  endfacet
  facet normal 0 1 0
    outer loop
      vertex 14.05 4.13 3.1
      vertex 15.35 4.13 1.8
      vertex 14.05 4.13 1.8
    endloop
  endfacet
  facet normal 0 -1 0
    outer loop
      vertex 14.05 2.83 1.8
      vertex 15.35 2.83 3.1
      vertex 14.05 2.83 3.1
    endloop
  endfacet
  facet normal 0 -1 -0
    outer loop
      vertex 15.35 2.83 3.1
      vertex 14.05 2.83 1.8
      vertex 15.35 2.83 1.8
    endloop
  endfacet
  facet normal 1 -0 0
    outer loop
      vertex 15.35 5.37 3.1
      vertex 15.35 6.67 1.8
      vertex 15.35 6.67 3.1
    endloop
  endfacet
  facet normal 1 0 0
    outer loop
      vertex 15.35 6.67 1.8
      vertex 15.35 5.37 3.1
      vertex 15.35 5.37 1.8
    endloop
  endfacet
  facet normal -0 0 1
    outer loop
      vertex 14.05 6.67 3.1
      vertex 15.35 5.37 3.1
      vertex 15.35 6.67 3.1
    endloop
  endfacet
  facet normal 0 0 1
    outer loop
      vertex 15.35 5.37 3.1
      vertex 14.05 6.67 3.1
      vertex 14.05 5.37 3.1
    endloop
  endfacet
  facet normal -1 0 0
    outer loop
      vertex 14.05 5.37 1.8
      vertex 14.05 6.67 3.1
      vertex 14.05 6.67 1.8
    endloop
  endfacet
  facet normal -1 -0 0
    outer loop
      vertex 14.05 6.67 3.1
      vertex 14.05 5.37 1.8
      vertex 14.05 5.37 3.1
    endloop
  endfacet
  facet normal 0 1 -0
    outer loop
      vertex 15.35 6.67 1.8
      vertex 14.05 6.67 3.1
      vertex 15.35 6.67 3.1
    endloop
  endfacet
  facet normal 0 1 0
    outer loop
      vertex 14.05 6.67 3.1
      vertex 15.35 6.67 1.8
      vertex 14.05 6.67 1.8
    endloop
  endfacet
  facet normal 0 -1 0
    outer loop
      vertex 14.05 5.37 1.8
      vertex 15.35 5.37 3.1
      vertex 14.05 5.37 3.1
    endloop
  endfacet
  facet normal 0 -1 -0
    outer loop
      vertex 15.35 5.37 3.1
      vertex 14.05 5.37 1.8
      vertex 15.35 5.37 1.8
    endloop
  endfacet
  facet normal 1 -0 0
    outer loop
      vertex 15.55 5.6 1.8
      vertex 15.55 8 0
      vertex 15.55 8 1.8
    endloop
  endfacet
  facet normal 1 0 0
    outer loop
      vertex 15.55 8 0
      vertex 15.55 5.6 1.8
      vertex 15.55 5.6 0
    endloop
  endfacet
  facet normal 1 -0 0
    outer loop
      vertex 15.55 -8 1.8
      vertex 15.55 -5.6 0
      vertex 15.55 -5.6 1.8
    endloop
  endfacet
  facet normal 1 0 0
    outer loop
      vertex 15.55 -5.6 0
      vertex 15.55 -8 1.8
      vertex 15.55 -8 0
    endloop
  endfacet
  facet normal 1 -0 0
    outer loop
      vertex 15.55 -3.9 1.8
      vertex 15.55 3.9 0
      vertex 15.55 3.9 1.8
    endloop
  endfacet
  facet normal 1 0 0
    outer loop
      vertex 15.55 3.9 0
      vertex 15.55 -3.9 1.8
      vertex 15.55 -3.9 0
    endloop
  endfacet
  facet normal -1 0 0
    outer loop
      vertex 13.85 5.6 0
      vertex 13.85 8 1.8
      vertex 13.85 8 0
    endloop
  endfacet
  facet normal -1 -0 0
    outer loop
      vertex 13.85 8 1.8
      vertex 13.85 5.6 0
      vertex 13.85 5.6 1.8
    endloop
  endfacet
  facet normal -1 0 0
    outer loop
      vertex 13.85 -8 0
      vertex 13.85 -5.6 1.8
      vertex 13.85 -5.6 0
    endloop
  endfacet
  facet normal -1 -0 0
    outer loop
      vertex 13.85 -5.6 1.8
      vertex 13.85 -8 0
      vertex 13.85 -8 1.8
    endloop
  endfacet
  facet normal -1 0 0
    outer loop
      vertex 13.85 -3.9 0
      vertex 13.85 3.9 1.8
      vertex 13.85 3.9 0
    endloop
  endfacet
  facet normal -1 -0 0
    outer loop
      vertex 13.85 3.9 1.8
      vertex 13.85 -3.9 0
      vertex 13.85 -3.9 1.8
    endloop
  endfacet
  facet normal 0 1 -0
    outer loop
      vertex 15.55 8 0
      vertex 13.85 8 1.8
      vertex 15.55 8 1.8
    endloop
  endfacet
  facet normal 0 1 0
    outer loop
      vertex 13.85 8 1.8
      vertex 15.55 8 0
      vertex 13.85 8 0
    endloop
  endfacet
  facet normal 0 -1 0
    outer loop
      vertex 13.85 -8 0
      vertex 15.55 -8 1.8
      vertex 13.85 -8 1.8
    endloop
  endfacet
  facet normal 0 -1 -0
    outer loop
      vertex 15.55 -8 1.8
      vertex 13.85 -8 0
      vertex 15.55 -8 0
    endloop
  endfacet
  facet normal 1 -0 0
    outer loop
      vertex 20.25 -6.67 3.1
      vertex 20.25 -5.37 1.8
      vertex 20.25 -5.37 3.1
    endloop
  endfacet
  facet normal 1 0 0
    outer loop
      vertex 20.25 -5.37 1.8
      vertex 20.25 -6.67 3.1
      vertex 20.25 -6.67 1.8
    endloop
  endfacet
  facet normal -0 0 1
    outer loop
      vertex 18.95 -5.37 3.1
      vertex 20.25 -6.67 3.1
      vertex 20.25 -5.37 3.1
    endloop
  endfacet
  facet normal 0 0 1
    outer loop
      vertex 20.25 -6.67 3.1
      vertex 18.95 -5.37 3.1
      vertex 18.95 -6.67 3.1
    endloop
  endfacet
  facet normal -1 0 0
    outer loop
      vertex 18.95 -6.67 1.8
      vertex 18.95 -5.37 3.1
      vertex 18.95 -5.37 1.8
    endloop
  endfacet
  facet normal -1 -0 0
    outer loop
      vertex 18.95 -5.37 3.1
      vertex 18.95 -6.67 1.8
      vertex 18.95 -6.67 3.1
    endloop
  endfacet
  facet normal 0 1 -0
    outer loop
      vertex 20.25 -5.37 1.8
      vertex 18.95 -5.37 3.1
      vertex 20.25 -5.37 3.1
    endloop
  endfacet
  facet normal 0 1 0
    outer loop
      vertex 18.95 -5.37 3.1
      vertex 20.25 -5.37 1.8
      vertex 18.95 -5.37 1.8
    endloop
  endfacet
  facet normal 0 -1 0
    outer loop
      vertex 18.95 -6.67 1.8
      vertex 20.25 -6.67 3.1
      vertex 18.95 -6.67 3.1
    endloop
  endfacet
  facet normal 0 -1 -0
    outer loop
      vertex 20.25 -6.67 3.1
      vertex 18.95 -6.67 1.8
      vertex 20.25 -6.67 1.8
    endloop
  endfacet
  facet normal 1 -0 0
    outer loop
      vertex 20.25 -4.13 3.1
      vertex 20.25 -2.83 1.8
      vertex 20.25 -2.83 3.1
    endloop
  endfacet
  facet normal 1 0 0
    outer loop
      vertex 20.25 -2.83 1.8
      vertex 20.25 -4.13 3.1
      vertex 20.25 -4.13 1.8
    endloop
  endfacet
  facet normal -0 0 1
    outer loop
      vertex 18.95 -2.83 3.1
      vertex 20.25 -4.13 3.1
      vertex 20.25 -2.83 3.1
    endloop
  endfacet
  facet normal 0 0 1
    outer loop
      vertex 20.25 -4.13 3.1
      vertex 18.95 -2.83 3.1
      vertex 18.95 -4.13 3.1
    endloop
  endfacet
  facet normal -1 0 0
    outer loop
      vertex 18.95 -4.13 1.8
      vertex 18.95 -2.83 3.1
      vertex 18.95 -2.83 1.8
    endloop
  endfacet
  facet normal -1 -0 0
    outer loop
      vertex 18.95 -2.83 3.1
      vertex 18.95 -4.13 1.8
      vertex 18.95 -4.13 3.1
    endloop
  endfacet
  facet normal 0 1 -0
    outer loop
      vertex 20.25 -2.83 1.8
      vertex 18.95 -2.83 3.1
      vertex 20.25 -2.83 3.1
    endloop
  endfacet
  facet normal 0 1 0
    outer loop
      vertex 18.95 -2.83 3.1
      vertex 20.25 -2.83 1.8
      vertex 18.95 -2.83 1.8
    endloop
  endfacet
  facet normal 0 -1 0
    outer loop
      vertex 18.95 -4.13 1.8
      vertex 20.25 -4.13 3.1
      vertex 18.95 -4.13 3.1
    endloop
  endfacet
  facet normal 0 -1 -0
    outer loop
      vertex 20.25 -4.13 3.1
      vertex 18.95 -4.13 1.8
      vertex 20.25 -4.13 1.8
    endloop
  endfacet
  facet normal 1 -0 0
    outer loop
      vertex 20.25 2.83 3.1
      vertex 20.25 4.13 1.8
      vertex 20.25 4.13 3.1
    endloop
  endfacet
  facet normal 1 0 0
    outer loop
      vertex 20.25 4.13 1.8
      vertex 20.25 2.83 3.1
      vertex 20.25 2.83 1.8
    endloop
  endfacet
  facet normal -0 0 1
    outer loop
      vertex 18.95 4.13 3.1
      vertex 20.25 2.83 3.1
      vertex 20.25 4.13 3.1
    endloop
  endfacet
  facet normal 0 0 1
    outer loop
      vertex 20.25 2.83 3.1
      vertex 18.95 4.13 3.1
      vertex 18.95 2.83 3.1
    endloop
  endfacet
  facet normal -1 0 0
    outer loop
      vertex 18.95 2.83 1.8
      vertex 18.95 4.13 3.1
      vertex 18.95 4.13 1.8
    endloop
  endfacet
  facet normal -1 -0 0
    outer loop
      vertex 18.95 4.13 3.1
      vertex 18.95 2.83 1.8
      vertex 18.95 2.83 3.1
    endloop
  endfacet
  facet normal 0 1 -0
    outer loop
      vertex 20.25 4.13 1.8
      vertex 18.95 4.13 3.1
      vertex 20.25 4.13 3.1
    endloop
  endfacet
  facet normal 0 1 0
    outer loop
      vertex 18.95 4.13 3.1
      vertex 20.25 4.13 1.8
      vertex 18.95 4.13 1.8
    endloop
  endfacet
  facet normal 0 -1 0
    outer loop
      vertex 18.95 2.83 1.8
      vertex 20.25 2.83 3.1
      vertex 18.95 2.83 3.1
    endloop
  endfacet
  facet normal 0 -1 -0
    outer loop
      vertex 20.25 2.83 3.1
      vertex 18.95 2.83 1.8
      vertex 20.25 2.83 1.8
    endloop
  endfacet
  facet normal 1 -0 0
    outer loop
      vertex 20.25 5.37 3.1
      vertex 20.25 6.67 1.8
      vertex 20.25 6.67 3.1
    endloop
  endfacet
  facet normal 1 0 0
    outer loop
      vertex 20.25 6.67 1.8
      vertex 20.25 5.37 3.1
      vertex 20.25 5.37 1.8
    endloop
  endfacet
  facet normal -0 0 1
    outer loop
      vertex 18.95 6.67 3.1
      vertex 20.25 5.37 3.1
      vertex 20.25 6.67 3.1
    endloop
  endfacet
  facet normal 0 0 1
    outer loop
      vertex 20.25 5.37 3.1
      vertex 18.95 6.67 3.1
      vertex 18.95 5.37 3.1
    endloop
  endfacet
  facet normal -1 0 0
    outer loop
      vertex 18.95 5.37 1.8
      vertex 18.95 6.67 3.1
      vertex 18.95 6.67 1.8
    endloop
  endfacet
  facet normal -1 -0 0
    outer loop
      vertex 18.95 6.67 3.1
      vertex 18.95 5.37 1.8
      vertex 18.95 5.37 3.1
    endloop
  endfacet
  facet normal 0 1 -0
    outer loop
      vertex 20.25 6.67 1.8
      vertex 18.95 6.67 3.1
      vertex 20.25 6.67 3.1
    endloop
  endfacet
  facet normal 0 1 0
    outer loop
      vertex 18.95 6.67 3.1
      vertex 20.25 6.67 1.8
      vertex 18.95 6.67 1.8
    endloop
  endfacet
  facet normal 0 -1 0
    outer loop
      vertex 18.95 5.37 1.8
      vertex 20.25 5.37 3.1
      vertex 18.95 5.37 3.1
    endloop
  endfacet
  facet normal 0 -1 -0
    outer loop
      vertex 20.25 5.37 3.1
      vertex 18.95 5.37 1.8
      vertex 20.25 5.37 1.8
    endloop
  endfacet
  facet normal 1 -0 0
    outer loop
      vertex 20.45 5.6 1.8
      vertex 20.45 8 0
      vertex 20.45 8 1.8
    endloop
  endfacet
  facet normal 1 0 0
    outer loop
      vertex 20.45 8 0
      vertex 20.45 5.6 1.8
      vertex 20.45 5.6 0
    endloop
  endfacet
  facet normal 1 -0 0
    outer loop
      vertex 20.45 -8 1.8
      vertex 20.45 -5.6 0
      vertex 20.45 -5.6 1.8
    endloop
  endfacet
  facet normal 1 0 0
    outer loop
      vertex 20.45 -5.6 0
      vertex 20.45 -8 1.8
      vertex 20.45 -8 0
    endloop
  endfacet
  facet normal 1 -0 0
    outer loop
      vertex 20.45 -3.9 1.8
      vertex 20.45 3.9 0
      vertex 20.45 3.9 1.8
    endloop
  endfacet
  facet normal 1 0 0
    outer loop
      vertex 20.45 3.9 0
      vertex 20.45 -3.9 1.8
      vertex 20.45 -3.9 0
    endloop
  endfacet
  facet normal -1 0 0
    outer loop
      vertex 18.75 5.6 0
      vertex 18.75 8 1.8
      vertex 18.75 8 0
    endloop
  endfacet
  facet normal -1 -0 0
    outer loop
      vertex 18.75 8 1.8
      vertex 18.75 5.6 0
      vertex 18.75 5.6 1.8
    endloop
  endfacet
  facet normal -1 0 0
    outer loop
      vertex 18.75 -8 0
      vertex 18.75 -5.6 1.8
      vertex 18.75 -5.6 0
    endloop
  endfacet
  facet normal -1 -0 0
    outer loop
      vertex 18.75 -5.6 1.8
      vertex 18.75 -8 0
      vertex 18.75 -8 1.8
    endloop
  endfacet
  facet normal -1 0 0
    outer loop
      vertex 18.75 -3.9 0
      vertex 18.75 3.9 1.8
      vertex 18.75 3.9 0
    endloop
  endfacet
  facet normal -1 -0 0
    outer loop
      vertex 18.75 3.9 1.8
      vertex 18.75 -3.9 0
      vertex 18.75 -3.9 1.8
    endloop
  endfacet
  facet normal 0 1 -0
    outer loop
      vertex 20.45 8 0
      vertex 18.75 8 1.8
      vertex 20.45 8 1.8
    endloop
  endfacet
  facet normal 0 1 0
    outer loop
      vertex 18.75 8 1.8
      vertex 20.45 8 0
      vertex 18.75 8 0
    endloop
  endfacet
  facet normal 0 -1 0
    outer loop
      vertex 18.75 -8 0
      vertex 20.45 -8 1.8
      vertex 18.75 -8 1.8
    endloop
  endfacet
  facet normal 0 -1 -0
    outer loop
      vertex 20.45 -8 1.8
      vertex 18.75 -8 0
      vertex 20.45 -8 0
    endloop
  endfacet
  facet normal 1 -0 0
    outer loop
      vertex 25.15 -6.67 3.1
      vertex 25.15 -5.37 1.8
      vertex 25.15 -5.37 3.1
    endloop
  endfacet
  facet normal 1 0 0
    outer loop
      vertex 25.15 -5.37 1.8
      vertex 25.15 -6.67 3.1
      vertex 25.15 -6.67 1.8
    endloop
  endfacet
  facet normal -0 0 1
    outer loop
      vertex 23.85 -5.37 3.1
      vertex 25.15 -6.67 3.1
      vertex 25.15 -5.37 3.1
    endloop
  endfacet
  facet normal 0 0 1
    outer loop
      vertex 25.15 -6.67 3.1
      vertex 23.85 -5.37 3.1
      vertex 23.85 -6.67 3.1
    endloop
  endfacet
  facet normal -1 0 0
    outer loop
      vertex 23.85 -6.67 1.8
      vertex 23.85 -5.37 3.1
      vertex 23.85 -5.37 1.8
    endloop
  endfacet
  facet normal -1 -0 0
    outer loop
      vertex 23.85 -5.37 3.1
      vertex 23.85 -6.67 1.8
      vertex 23.85 -6.67 3.1
    endloop
  endfacet
  facet normal 0 1 -0
    outer loop
      vertex 25.15 -5.37 1.8
      vertex 23.85 -5.37 3.1
      vertex 25.15 -5.37 3.1
    endloop
  endfacet
  facet normal 0 1 0
    outer loop
      vertex 23.85 -5.37 3.1
      vertex 25.15 -5.37 1.8
      vertex 23.85 -5.37 1.8
    endloop
  endfacet
  facet normal 0 -1 0
    outer loop
      vertex 23.85 -6.67 1.8
      vertex 25.15 -6.67 3.1
      vertex 23.85 -6.67 3.1
    endloop
  endfacet
  facet normal 0 -1 -0
    outer loop
      vertex 25.15 -6.67 3.1
      vertex 23.85 -6.67 1.8
      vertex 25.15 -6.67 1.8
    endloop
  endfacet
  facet normal 1 -0 0
    outer loop
      vertex 25.15 -4.13 3.1
      vertex 25.15 -2.83 1.8
      vertex 25.15 -2.83 3.1
    endloop
  endfacet
  facet normal 1 0 0
    outer loop
      vertex 25.15 -2.83 1.8
      vertex 25.15 -4.13 3.1
      vertex 25.15 -4.13 1.8
    endloop
  endfacet
  facet normal -0 0 1
    outer loop
      vertex 23.85 -2.83 3.1
      vertex 25.15 -4.13 3.1
      vertex 25.15 -2.83 3.1
    endloop
  endfacet
  facet normal 0 0 1
    outer loop
      vertex 25.15 -4.13 3.1
      vertex 23.85 -2.83 3.1
      vertex 23.85 -4.13 3.1
    endloop
  endfacet
  facet normal -1 0 0
    outer loop
      vertex 23.85 -4.13 1.8
      vertex 23.85 -2.83 3.1
      vertex 23.85 -2.83 1.8
    endloop
  endfacet
  facet normal -1 -0 0
    outer loop
      vertex 23.85 -2.83 3.1
      vertex 23.85 -4.13 1.8
      vertex 23.85 -4.13 3.1
    endloop
  endfacet
  facet normal 0 1 -0
    outer loop
      vertex 25.15 -2.83 1.8
      vertex 23.85 -2.83 3.1
      vertex 25.15 -2.83 3.1
    endloop
  endfacet
  facet normal 0 1 0
    outer loop
      vertex 23.85 -2.83 3.1
      vertex 25.15 -2.83 1.8
      vertex 23.85 -2.83 1.8
    endloop
  endfacet
  facet normal 0 -1 0
    outer loop
      vertex 23.85 -4.13 1.8
      vertex 25.15 -4.13 3.1
      vertex 23.85 -4.13 3.1
    endloop
  endfacet
  facet normal 0 -1 -0
    outer loop
      vertex 25.15 -4.13 3.1
      vertex 23.85 -4.13 1.8
      vertex 25.15 -4.13 1.8
    endloop
  endfacet
  facet normal 1 -0 0
    outer loop
      vertex 25.15 2.83 3.1
      vertex 25.15 4.13 1.8
      vertex 25.15 4.13 3.1
    endloop
  endfacet
  facet normal 1 0 0
    outer loop
      vertex 25.15 4.13 1.8
      vertex 25.15 2.83 3.1
      vertex 25.15 2.83 1.8
    endloop
  endfacet
  facet normal -0 0 1
    outer loop
      vertex 23.85 4.13 3.1
      vertex 25.15 2.83 3.1
      vertex 25.15 4.13 3.1
    endloop
  endfacet
  facet normal 0 0 1
    outer loop
      vertex 25.15 2.83 3.1
      vertex 23.85 4.13 3.1
      vertex 23.85 2.83 3.1
    endloop
  endfacet
  facet normal -1 0 0
    outer loop
      vertex 23.85 2.83 1.8
      vertex 23.85 4.13 3.1
      vertex 23.85 4.13 1.8
    endloop
  endfacet
  facet normal -1 -0 0
    outer loop
      vertex 23.85 4.13 3.1
      vertex 23.85 2.83 1.8
      vertex 23.85 2.83 3.1
    endloop
  endfacet
  facet normal 0 1 -0
    outer loop
      vertex 25.15 4.13 1.8
      vertex 23.85 4.13 3.1
      vertex 25.15 4.13 3.1
    endloop
  endfacet
  facet normal 0 1 0
    outer loop
      vertex 23.85 4.13 3.1
      vertex 25.15 4.13 1.8
      vertex 23.85 4.13 1.8
    endloop
  endfacet
  facet normal 0 -1 0
    outer loop
      vertex 23.85 2.83 1.8
      vertex 25.15 2.83 3.1
      vertex 23.85 2.83 3.1
    endloop
  endfacet
  facet normal 0 -1 -0
    outer loop
      vertex 25.15 2.83 3.1
      vertex 23.85 2.83 1.8
      vertex 25.15 2.83 1.8
    endloop
  endfacet
  facet normal 1 -0 0
    outer loop
      vertex 25.15 5.37 3.1
      vertex 25.15 6.67 1.8
      vertex 25.15 6.67 3.1
    endloop
  endfacet
  facet normal 1 0 0
    outer loop
      vertex 25.15 6.67 1.8
      vertex 25.15 5.37 3.1
      vertex 25.15 5.37 1.8
    endloop
  endfacet
  facet normal -0 0 1
    outer loop
      vertex 23.85 6.67 3.1
      vertex 25.15 5.37 3.1
      vertex 25.15 6.67 3.1
    endloop
  endfacet
  facet normal 0 0 1
    outer loop
      vertex 25.15 5.37 3.1
      vertex 23.85 6.67 3.1
      vertex 23.85 5.37 3.1
    endloop
  endfacet
  facet normal -1 0 0
    outer loop
      vertex 23.85 5.37 1.8
      vertex 23.85 6.67 3.1
      vertex 23.85 6.67 1.8
    endloop
  endfacet
  facet normal -1 -0 0
    outer loop
      vertex 23.85 6.67 3.1
      vertex 23.85 5.37 1.8
      vertex 23.85 5.37 3.1
    endloop
  endfacet
  facet normal 0 1 -0
    outer loop
      vertex 25.15 6.67 1.8
      vertex 23.85 6.67 3.1
      vertex 25.15 6.67 3.1
    endloop
  endfacet
  facet normal 0 1 0
    outer loop
      vertex 23.85 6.67 3.1
      vertex 25.15 6.67 1.8
      vertex 23.85 6.67 1.8
    endloop
  endfacet
  facet normal 0 -1 0
    outer loop
      vertex 23.85 5.37 1.8
      vertex 25.15 5.37 3.1
      vertex 23.85 5.37 3.1
    endloop
  endfacet
  facet normal 0 -1 -0
    outer loop
      vertex 25.15 5.37 3.1
      vertex 23.85 5.37 1.8
      vertex 25.15 5.37 1.8
    endloop
  endfacet
  facet normal 1 -0 0
    outer loop
      vertex 25.35 5.6 1.8
      vertex 25.35 8 0
      vertex 25.35 8 1.8
    endloop
  endfacet
  facet normal 1 0 0
    outer loop
      vertex 25.35 8 0
      vertex 25.35 5.6 1.8
      vertex 25.35 5.6 0
    endloop
  endfacet
  facet normal 1 -0 0
    outer loop
      vertex 25.35 -8 1.8
      vertex 25.35 -0.849999 0
      vertex 25.35 -0.849999 1.8
    endloop
  endfacet
  facet normal 1 0 0
    outer loop
      vertex 25.35 -0.849999 0
      vertex 25.35 -8 1.8
      vertex 25.35 -8 0
    endloop
  endfacet
  facet normal 1 -0 0
    outer loop
      vertex 25.35 0.849999 1.8
      vertex 25.35 3.9 0
      vertex 25.35 3.9 1.8
    endloop
  endfacet
  facet normal 1 0 0
    outer loop
      vertex 25.35 3.9 0
      vertex 25.35 0.849999 1.8
      vertex 25.35 0.849999 0
    endloop
  endfacet
  facet normal -1 0 0
    outer loop
      vertex 23.65 5.6 0
      vertex 23.65 8 1.8
      vertex 23.65 8 0
    endloop
  endfacet
  facet normal -1 -0 0
    outer loop
      vertex 23.65 8 1.8
      vertex 23.65 5.6 0
      vertex 23.65 5.6 1.8
    endloop
  endfacet
  facet normal -1 0 0
    outer loop
      vertex 23.65 -8 0
      vertex 23.65 -5.6 1.8
      vertex 23.65 -5.6 0
    endloop
  endfacet
  facet normal -1 -0 0
    outer loop
      vertex 23.65 -5.6 1.8
      vertex 23.65 -8 0
      vertex 23.65 -8 1.8
    endloop
  endfacet
  facet normal -1 0 0
    outer loop
      vertex 23.65 -3.9 0
      vertex 23.65 -0.849999 1.8
      vertex 23.65 -0.849999 0
    endloop
  endfacet
  facet normal -1 -0 0
    outer loop
      vertex 23.65 -0.849999 1.8
      vertex 23.65 -3.9 0
      vertex 23.65 -3.9 1.8
    endloop
  endfacet
  facet normal -1 0 0
    outer loop
      vertex 23.65 0.849999 0
      vertex 23.65 3.9 1.8
      vertex 23.65 3.9 0
    endloop
  endfacet
  facet normal -1 -0 0
    outer loop
      vertex 23.65 3.9 1.8
      vertex 23.65 0.849999 0
      vertex 23.65 0.849999 1.8
    endloop
  endfacet
  facet normal 0 1 -0
    outer loop
      vertex 25.35 8 0
      vertex 23.65 8 1.8
      vertex 25.35 8 1.8
    endloop
  endfacet
  facet normal 0 1 0
    outer loop
      vertex 23.65 8 1.8
      vertex 25.35 8 0
      vertex 23.65 8 0
    endloop
  endfacet
  facet normal 0 -1 0
    outer loop
      vertex 23.65 -8 0
      vertex 25.35 -8 1.8
      vertex 23.65 -8 1.8
    endloop
  endfacet
  facet normal 0 -1 -0
    outer loop
      vertex 25.35 -8 1.8
      vertex 23.65 -8 0
      vertex 25.35 -8 0
    endloop
  endfacet
  facet normal 1 -0 0
    outer loop
      vertex 30.05 2.83 3.1
      vertex 30.05 4.13 1.8
      vertex 30.05 4.13 3.1
    endloop
  endfacet
  facet normal 1 0 0
    outer loop
      vertex 30.05 4.13 1.8
      vertex 30.05 2.83 3.1
      vertex 30.05 2.83 1.8
    endloop
  endfacet
  facet normal -0 0 1
    outer loop
      vertex 28.75 4.13 3.1
      vertex 30.05 2.83 3.1
      vertex 30.05 4.13 3.1
    endloop
  endfacet
  facet normal 0 0 1
    outer loop
      vertex 30.05 2.83 3.1
      vertex 28.75 4.13 3.1
      vertex 28.75 2.83 3.1
    endloop
  endfacet
  facet normal -1 0 0
    outer loop
      vertex 28.75 2.83 1.8
      vertex 28.75 4.13 3.1
      vertex 28.75 4.13 1.8
    endloop
  endfacet
  facet normal -1 -0 0
    outer loop
      vertex 28.75 4.13 3.1
      vertex 28.75 2.83 1.8
      vertex 28.75 2.83 3.1
    endloop
  endfacet
  facet normal 0 1 -0
    outer loop
      vertex 30.05 4.13 1.8
      vertex 28.75 4.13 3.1
      vertex 30.05 4.13 3.1
    endloop
  endfacet
  facet normal 0 1 0
    outer loop
      vertex 28.75 4.13 3.1
      vertex 30.05 4.13 1.8
      vertex 28.75 4.13 1.8
    endloop
  endfacet
  facet normal 0 -1 0
    outer loop
      vertex 28.75 2.83 1.8
      vertex 30.05 2.83 3.1
      vertex 28.75 2.83 3.1
    endloop
  endfacet
  facet normal 0 -1 -0
    outer loop
      vertex 30.05 2.83 3.1
      vertex 28.75 2.83 1.8
      vertex 30.05 2.83 1.8
    endloop
  endfacet
  facet normal 1 -0 0
    outer loop
      vertex 30.05 5.37 3.1
      vertex 30.05 6.67 1.8
      vertex 30.05 6.67 3.1
    endloop
  endfacet
  facet normal 1 0 0
    outer loop
      vertex 30.05 6.67 1.8
      vertex 30.05 5.37 3.1
      vertex 30.05 5.37 1.8
    endloop
  endfacet
  facet normal -0 0 1
    outer loop
      vertex 28.75 6.67 3.1
      vertex 30.05 5.37 3.1
      vertex 30.05 6.67 3.1
    endloop
  endfacet
  facet normal 0 0 1
    outer loop
      vertex 30.05 5.37 3.1
      vertex 28.75 6.67 3.1
      vertex 28.75 5.37 3.1
    endloop
  endfacet
  facet normal -1 0 0
    outer loop
      vertex 28.75 5.37 1.8
      vertex 28.75 6.67 3.1
      vertex 28.75 6.67 1.8
    endloop
  endfacet
  facet normal -1 -0 0
    outer loop
      vertex 28.75 6.67 3.1
      vertex 28.75 5.37 1.8
      vertex 28.75 5.37 3.1
    endloop
  endfacet
  facet normal 0 1 -0
    outer loop
      vertex 30.05 6.67 1.8
      vertex 28.75 6.67 3.1
      vertex 30.05 6.67 3.1
    endloop
  endfacet
  facet normal 0 1 0
    outer loop
      vertex 28.75 6.67 3.1
      vertex 30.05 6.67 1.8
      vertex 28.75 6.67 1.8
    endloop
  endfacet
  facet normal 0 -1 0
    outer loop
      vertex 28.75 5.37 1.8
      vertex 30.05 5.37 3.1
      vertex 28.75 5.37 3.1
    endloop
  endfacet
  facet normal 0 -1 -0
    outer loop
      vertex 30.05 5.37 3.1
      vertex 28.75 5.37 1.8
      vertex 30.05 5.37 1.8
    endloop
  endfacet
  facet normal 1 -0 0
    outer loop
      vertex 30.25 5.6 1.8
      vertex 30.25 8 0
      vertex 30.25 8 1.8
    endloop
  endfacet
  facet normal 1 0 0
    outer loop
      vertex 30.25 8 0
      vertex 30.25 5.6 1.8
      vertex 30.25 5.6 0
    endloop
  endfacet
  facet normal 1 -0 0
    outer loop
      vertex 30.25 0.849999 1.8
      vertex 30.25 3.9 0
      vertex 30.25 3.9 1.8
    endloop
  endfacet
  facet normal 1 0 0
    outer loop
      vertex 30.25 3.9 0
      vertex 30.25 0.849999 1.8
      vertex 30.25 0.849999 0
    endloop
  endfacet
  facet normal -1 0 0
    outer loop
      vertex 28.55 5.6 0
      vertex 28.55 8 1.8
      vertex 28.55 8 0
    endloop
  endfacet
  facet normal -1 -0 0
    outer loop
      vertex 28.55 8 1.8
      vertex 28.55 5.6 0
      vertex 28.55 5.6 1.8
    endloop
  endfacet
  facet normal -1 0 0
    outer loop
      vertex 28.55 0.849999 0
      vertex 28.55 3.9 1.8
      vertex 28.55 3.9 0
    endloop
  endfacet
  facet normal -1 -0 0
    outer loop
      vertex 28.55 3.9 1.8
      vertex 28.55 0.849999 0
      vertex 28.55 0.849999 1.8
    endloop
  endfacet
  facet normal 0 1 -0
    outer loop
      vertex 30.25 8 0
      vertex 28.55 8 1.8
      vertex 30.25 8 1.8
    endloop
  endfacet
  facet normal 0 1 0
    outer loop
      vertex 28.55 8 1.8
      vertex 30.25 8 0
      vertex 28.55 8 0
    endloop
  endfacet
  facet normal 1 -0 0
    outer loop
      vertex 34.95 2.83 3.1
      vertex 34.95 4.13 1.8
      vertex 34.95 4.13 3.1
    endloop
  endfacet
  facet normal 1 0 0
    outer loop
      vertex 34.95 4.13 1.8
      vertex 34.95 2.83 3.1
      vertex 34.95 2.83 1.8
    endloop
  endfacet
  facet normal -0 0 1
    outer loop
      vertex 33.65 4.13 3.1
      vertex 34.95 2.83 3.1
      vertex 34.95 4.13 3.1
    endloop
  endfacet
  facet normal 0 0 1
    outer loop
      vertex 34.95 2.83 3.1
      vertex 33.65 4.13 3.1
      vertex 33.65 2.83 3.1
    endloop
  endfacet
  facet normal -1 0 0
    outer loop
      vertex 33.65 2.83 1.8
      vertex 33.65 4.13 3.1
      vertex 33.65 4.13 1.8
    endloop
  endfacet
  facet normal -1 -0 0
    outer loop
      vertex 33.65 4.13 3.1
      vertex 33.65 2.83 1.8
      vertex 33.65 2.83 3.1
    endloop
  endfacet
  facet normal 0 1 -0
    outer loop
      vertex 34.95 4.13 1.8
      vertex 33.65 4.13 3.1
      vertex 34.95 4.13 3.1
    endloop
  endfacet
  facet normal 0 1 0
    outer loop
      vertex 33.65 4.13 3.1
      vertex 34.95 4.13 1.8
      vertex 33.65 4.13 1.8
    endloop
  endfacet
  facet normal 0 -1 0
    outer loop
      vertex 33.65 2.83 1.8
      vertex 34.95 2.83 3.1
      vertex 33.65 2.83 3.1
    endloop
  endfacet
  facet normal 0 -1 -0
    outer loop
      vertex 34.95 2.83 3.1
      vertex 33.65 2.83 1.8
      vertex 34.95 2.83 1.8
    endloop
  endfacet
  facet normal 1 -0 0
    outer loop
      vertex 34.95 5.37 3.1
      vertex 34.95 6.67 1.8
      vertex 34.95 6.67 3.1
    endloop
  endfacet
  facet normal 1 0 0
    outer loop
      vertex 34.95 6.67 1.8
      vertex 34.95 5.37 3.1
      vertex 34.95 5.37 1.8
    endloop
  endfacet
  facet normal -0 0 1
    outer loop
      vertex 33.65 6.67 3.1
      vertex 34.95 5.37 3.1
      vertex 34.95 6.67 3.1
    endloop
  endfacet
  facet normal 0 0 1
    outer loop
      vertex 34.95 5.37 3.1
      vertex 33.65 6.67 3.1
      vertex 33.65 5.37 3.1
    endloop
  endfacet
  facet normal -1 0 0
    outer loop
      vertex 33.65 5.37 1.8
      vertex 33.65 6.67 3.1
      vertex 33.65 6.67 1.8
    endloop
  endfacet
  facet normal -1 -0 0
    outer loop
      vertex 33.65 6.67 3.1
      vertex 33.65 5.37 1.8
      vertex 33.65 5.37 3.1
    endloop
  endfacet
  facet normal 0 1 -0
    outer loop
      vertex 34.95 6.67 1.8
      vertex 33.65 6.67 3.1
      vertex 34.95 6.67 3.1
    endloop
  endfacet
  facet normal 0 1 0
    outer loop
      vertex 33.65 6.67 3.1
      vertex 34.95 6.67 1.8
      vertex 33.65 6.67 1.8
    endloop
  endfacet
  facet normal 0 -1 0
    outer loop
      vertex 33.65 5.37 1.8
      vertex 34.95 5.37 3.1
      vertex 33.65 5.37 3.1
    endloop
  endfacet
  facet normal 0 -1 -0
    outer loop
      vertex 34.95 5.37 3.1
      vertex 33.65 5.37 1.8
      vertex 34.95 5.37 1.8
    endloop
  endfacet
  facet normal 1 -0 0
    outer loop
      vertex 35.15 5.6 1.8
      vertex 35.15 8 0
      vertex 35.15 8 1.8
    endloop
  endfacet
  facet normal 1 0 0
    outer loop
      vertex 35.15 8 0
      vertex 35.15 5.6 1.8
      vertex 35.15 5.6 0
    endloop
  endfacet
  facet normal 1 -0 0
    outer loop
      vertex 35.15 0.849999 1.8
      vertex 35.15 3.9 0
      vertex 35.15 3.9 1.8
    endloop
  endfacet
  facet normal 1 0 0
    outer loop
      vertex 35.15 3.9 0
      vertex 35.15 0.849999 1.8
      vertex 35.15 0.849999 0
    endloop
  endfacet
  facet normal -1 0 0
    outer loop
      vertex 33.45 5.6 0
      vertex 33.45 8 1.8
      vertex 33.45 8 0
    endloop
  endfacet
  facet normal -1 -0 0
    outer loop
      vertex 33.45 8 1.8
      vertex 33.45 5.6 0
      vertex 33.45 5.6 1.8
    endloop
  endfacet
  facet normal -1 0 0
    outer loop
      vertex 33.45 0.849999 0
      vertex 33.45 3.9 1.8
      vertex 33.45 3.9 0
    endloop
  endfacet
  facet normal -1 -0 0
    outer loop
      vertex 33.45 3.9 1.8
      vertex 33.45 0.849999 0
      vertex 33.45 0.849999 1.8
    endloop
  endfacet
  facet normal 0 1 -0
    outer loop
      vertex 35.15 8 0
      vertex 33.45 8 1.8
      vertex 35.15 8 1.8
    endloop
  endfacet
  facet normal 0 1 0
    outer loop
      vertex 33.45 8 1.8
      vertex 35.15 8 0
      vertex 33.45 8 0
    endloop
  endfacet
  facet normal 0 1 -0
    outer loop
      vertex 4.05 -3.9 0
      vertex 0.849999 -3.9 1.8
      vertex 4.05 -3.9 1.8
    endloop
  endfacet
  facet normal 0 1 0
    outer loop
      vertex 0.849999 -3.9 1.8
      vertex 4.05 -3.9 0
      vertex 0.849999 -3.9 0
    endloop
  endfacet
  facet normal 0 1 -0
    outer loop
      vertex 8.95 -3.9 0
      vertex 5.75 -3.9 1.8
      vertex 8.95 -3.9 1.8
    endloop
  endfacet
  facet normal 0 1 0
    outer loop
      vertex 5.75 -3.9 1.8
      vertex 8.95 -3.9 0
      vertex 5.75 -3.9 0
    endloop
  endfacet
  facet normal 0 1 -0
    outer loop
      vertex 13.85 -3.9 0
      vertex 10.65 -3.9 1.8
      vertex 13.85 -3.9 1.8
    endloop
  endfacet
  facet normal 0 1 0
    outer loop
      vertex 10.65 -3.9 1.8
      vertex 13.85 -3.9 0
      vertex 10.65 -3.9 0
    endloop
  endfacet
  facet normal 0 1 -0
    outer loop
      vertex 18.75 -3.9 0
      vertex 15.55 -3.9 1.8
      vertex 18.75 -3.9 1.8
    endloop
  endfacet
  facet normal 0 1 0
    outer loop
      vertex 15.55 -3.9 1.8
      vertex 18.75 -3.9 0
      vertex 15.55 -3.9 0
    endloop
  endfacet
  facet normal 0 1 -0
    outer loop
      vertex 23.65 -3.9 0
      vertex 20.45 -3.9 1.8
      vertex 23.65 -3.9 1.8
    endloop
  endfacet
  facet normal 0 1 0
    outer loop
      vertex 20.45 -3.9 1.8
      vertex 23.65 -3.9 0
      vertex 20.45 -3.9 0
    endloop
  endfacet
  facet normal 0 -1 0
    outer loop
      vertex 0.849999 -5.6 0
      vertex 4.05 -5.6 1.8
      vertex 0.849999 -5.6 1.8
    endloop
  endfacet
  facet normal 0 -1 -0
    outer loop
      vertex 4.05 -5.6 1.8
      vertex 0.849999 -5.6 0
      vertex 4.05 -5.6 0
    endloop
  endfacet
  facet normal 0 -1 0
    outer loop
      vertex 5.75 -5.6 0
      vertex 8.95 -5.6 1.8
      vertex 5.75 -5.6 1.8
    endloop
  endfacet
  facet normal 0 -1 -0
    outer loop
      vertex 8.95 -5.6 1.8
      vertex 5.75 -5.6 0
      vertex 8.95 -5.6 0
    endloop
  endfacet
  facet normal 0 -1 0
    outer loop
      vertex 10.65 -5.6 0
      vertex 13.85 -5.6 1.8
      vertex 10.65 -5.6 1.8
    endloop
  endfacet
  facet normal 0 -1 -0
    outer loop
      vertex 13.85 -5.6 1.8
      vertex 10.65 -5.6 0
      vertex 13.85 -5.6 0
    endloop
  endfacet
  facet normal 0 -1 0
    outer loop
      vertex 15.55 -5.6 0
      vertex 18.75 -5.6 1.8
      vertex 15.55 -5.6 1.8
    endloop
  endfacet
  facet normal 0 -1 -0
    outer loop
      vertex 18.75 -5.6 1.8
      vertex 15.55 -5.6 0
      vertex 18.75 -5.6 0
    endloop
  endfacet
  facet normal 0 -1 0
    outer loop
      vertex 20.45 -5.6 0
      vertex 23.65 -5.6 1.8
      vertex 20.45 -5.6 1.8
    endloop
  endfacet
  facet normal 0 -1 -0
    outer loop
      vertex 23.65 -5.6 1.8
      vertex 20.45 -5.6 0
      vertex 23.65 -5.6 0
    endloop
  endfacet
  facet normal 1 -0 0
    outer loop
      vertex 35.15 3.9 1.8
      vertex 35.15 5.6 0
      vertex 35.15 5.6 1.8
    endloop
  endfacet
  facet normal 1 0 0
    outer loop
      vertex 35.15 5.6 0
      vertex 35.15 3.9 1.8
      vertex 35.15 3.9 0
    endloop
  endfacet
  facet normal -1 0 0
    outer loop
      vertex 8.95 3.9 0
      vertex 8.95 5.6 1.8
      vertex 8.95 5.6 0
    endloop
  endfacet
  facet normal -1 -0 0
    outer loop
      vertex 8.95 5.6 1.8
      vertex 8.95 3.9 0
      vertex 8.95 3.9 1.8
    endloop
  endfacet
  facet normal 0 1 -0
    outer loop
      vertex 13.85 5.6 0
      vertex 10.65 5.6 1.8
      vertex 13.85 5.6 1.8
    endloop
  endfacet
  facet normal 0 1 0
    outer loop
      vertex 10.65 5.6 1.8
      vertex 13.85 5.6 0
      vertex 10.65 5.6 0
    endloop
  endfacet
  facet normal 0 1 -0
    outer loop
      vertex 18.75 5.6 0
      vertex 15.55 5.6 1.8
      vertex 18.75 5.6 1.8
    endloop
  endfacet
  facet normal 0 1 0
    outer loop
      vertex 15.55 5.6 1.8
      vertex 18.75 5.6 0
      vertex 15.55 5.6 0
    endloop
  endfacet
  facet normal 0 1 -0
    outer loop
      vertex 23.65 5.6 0
      vertex 20.45 5.6 1.8
      vertex 23.65 5.6 1.8
    endloop
  endfacet
  facet normal 0 1 0
    outer loop
      vertex 20.45 5.6 1.8
      vertex 23.65 5.6 0
      vertex 20.45 5.6 0
    endloop
  endfacet
  facet normal 0 1 -0
    outer loop
      vertex 28.55 5.6 0
      vertex 25.35 5.6 1.8
      vertex 28.55 5.6 1.8
    endloop
  endfacet
  facet normal 0 1 0
    outer loop
      vertex 25.35 5.6 1.8
      vertex 28.55 5.6 0
      vertex 25.35 5.6 0
    endloop
  endfacet
  facet normal 0 1 -0
    outer loop
      vertex 33.45 5.6 0
      vertex 30.25 5.6 1.8
      vertex 33.45 5.6 1.8
    endloop
  endfacet
  facet normal 0 1 0
    outer loop
      vertex 30.25 5.6 1.8
      vertex 33.45 5.6 0
      vertex 30.25 5.6 0
    endloop
  endfacet
  facet normal 0 -1 0
    outer loop
      vertex 10.65 3.9 0
      vertex 13.85 3.9 1.8
      vertex 10.65 3.9 1.8
    endloop
  endfacet
  facet normal 0 -1 -0
    outer loop
      vertex 13.85 3.9 1.8
      vertex 10.65 3.9 0
      vertex 13.85 3.9 0
    endloop
  endfacet
  facet normal 0 -1 0
    outer loop
      vertex 15.55 3.9 0
      vertex 18.75 3.9 1.8
      vertex 15.55 3.9 1.8
    endloop
  endfacet
  facet normal 0 -1 -0
    outer loop
      vertex 18.75 3.9 1.8
      vertex 15.55 3.9 0
      vertex 18.75 3.9 0
    endloop
  endfacet
  facet normal 0 -1 0
    outer loop
      vertex 20.45 3.9 0
      vertex 23.65 3.9 1.8
      vertex 20.45 3.9 1.8
    endloop
  endfacet
  facet normal 0 -1 -0
    outer loop
      vertex 23.65 3.9 1.8
      vertex 20.45 3.9 0
      vertex 23.65 3.9 0
    endloop
  endfacet
  facet normal 0 -1 0
    outer loop
      vertex 25.35 3.9 0
      vertex 28.55 3.9 1.8
      vertex 25.35 3.9 1.8
    endloop
  endfacet
  facet normal 0 -1 -0
    outer loop
      vertex 28.55 3.9 1.8
      vertex 25.35 3.9 0
      vertex 28.55 3.9 0
    endloop
  endfacet
  facet normal 0 -1 0
    outer loop
      vertex 30.25 3.9 0
      vertex 33.45 3.9 1.8
      vertex 30.25 3.9 1.8
    endloop
  endfacet
  facet normal 0 -1 -0
    outer loop
      vertex 33.45 3.9 1.8
      vertex 30.25 3.9 0
      vertex 33.45 3.9 0
    endloop
  endfacet
  facet normal 1 -0 0
    outer loop
      vertex 10.65 -0.849999 1.8
      vertex 10.65 0.849999 0
      vertex 10.65 0.849999 1.8
    endloop
  endfacet
  facet normal 1 0 0
    outer loop
      vertex 10.65 0.849999 0
      vertex 10.65 -0.849999 1.8
      vertex 10.65 -0.849999 0
    endloop
  endfacet
  facet normal 0 1 -0
    outer loop
      vertex 8.95 0.849999 0
      vertex -0.849999 0.849999 1.8
      vertex 8.95 0.849999 1.8
    endloop
  endfacet
  facet normal 0 1 0
    outer loop
      vertex -0.849999 0.849999 1.8
      vertex 8.95 0.849999 0
      vertex -0.849999 0.849999 0
    endloop
  endfacet
  facet normal 0 -1 0
    outer loop
      vertex 0.849999 -0.849999 0
      vertex 4.05 -0.849999 1.8
      vertex 0.849999 -0.849999 1.8
    endloop
  endfacet
  facet normal 0 -1 -0
    outer loop
      vertex 4.05 -0.849999 1.8
      vertex 0.849999 -0.849999 0
      vertex 4.05 -0.849999 0
    endloop
  endfacet
  facet normal 0 -1 0
    outer loop
      vertex 5.75 -0.849999 0
      vertex 8.95 -0.849999 1.8
      vertex 5.75 -0.849999 1.8
    endloop
  endfacet
  facet normal 0 -1 -0
    outer loop
      vertex 8.95 -0.849999 1.8
      vertex 5.75 -0.849999 0
      vertex 8.95 -0.849999 0
    endloop
  endfacet
  facet normal 1 -0 0
    outer loop
      vertex 35.15 -0.849999 1.8
      vertex 35.15 0.849999 0
      vertex 35.15 0.849999 1.8
    endloop
  endfacet
  facet normal 1 0 0
    outer loop
      vertex 35.15 0.849999 0
      vertex 35.15 -0.849999 1.8
      vertex 35.15 -0.849999 0
    endloop
  endfacet
  facet normal -1 0 0
    outer loop
      vertex 23.65 -0.849999 0
      vertex 23.65 0.849999 1.8
      vertex 23.65 0.849999 0
    endloop
  endfacet
  facet normal -1 -0 0
    outer loop
      vertex 23.65 0.849999 1.8
      vertex 23.65 -0.849999 0
      vertex 23.65 -0.849999 1.8
    endloop
  endfacet
  facet normal 0 1 -0
    outer loop
      vertex 28.55 0.849999 0
      vertex 25.35 0.849999 1.8
      vertex 28.55 0.849999 1.8
    endloop
  endfacet
  facet normal 0 1 0
    outer loop
      vertex 25.35 0.849999 1.8
      vertex 28.55 0.849999 0
      vertex 25.35 0.849999 0
    endloop
  endfacet
  facet normal 0 1 -0
    outer loop
      vertex 33.45 0.849999 0
      vertex 30.25 0.849999 1.8
      vertex 33.45 0.849999 1.8
    endloop
  endfacet
  facet normal 0 1 0
    outer loop
      vertex 30.25 0.849999 1.8
      vertex 33.45 0.849999 0
      vertex 30.25 0.849999 0
    endloop
  endfacet
  facet normal 0 -1 0
    outer loop
      vertex 25.35 -0.849999 0
      vertex 35.15 -0.849999 1.8
      vertex 25.35 -0.849999 1.8
    endloop
  endfacet
  facet normal 0 -1 -0
    outer loop
      vertex 35.15 -0.849999 1.8
      vertex 25.35 -0.849999 0
      vertex 35.15 -0.849999 0
    endloop
  endfacet
endsolid OpenSCAD_Model
